contents,name,type,publication_date,short_name,model_type,id,locations,categories,levels,tags,refs,company,job_level,company_id
"<p><b>Who is Forcepoint?</b><br><br>Forcepoint simplifies security for global businesses and governments. Forcepoint's all-in-one, truly cloud-native platform makes it easy to adopt Zero Trust and prevent the theft or loss of sensitive data and intellectual property no matter where people are working. 20+ years in business. 2.7k employees. 150 countries. 11k+ customers. 300+ patents. If our mission excites you, you're in the right place; we want you to bring your own energy to help us create a safer world. All we're missing is you!<br><br>Forcepoint simplifies security for global businesses and governments.<br><br>Forcepoint's all-in-one, truly cloud-native platform makes it easy to prevent the theft or loss of sensitive data and intellectual property no matter where people are working.  Based in Austin, Texas, Forcepoint creates safe, trusted environments for customers and their employees in more than 150 countries.  Engage with Forcepoint on <a href=""http://www.forcepoint.com"" rel=""noopener noreferrer"">www.forcepoint.com</a>, and <a href=""https://www.linkedin.com/company/forcepoint"" rel=""noopener noreferrer"">LinkedIn</a>.<br><br>As an Inside Sales Representative (ISR) based in Poland, you will be responsible for building new business (new logo, cross-sell &amp; up-sell) for all Forcepoint solutions, sized between 0-500 seats.<br><br><b>Essential Function: </b><br><br><ul><li>Sell &amp; close the sale of the company's products, systems and/or services to customers in assigned territory, industry, or accounts.</li><li>Develop, identify &amp; cultivate new accounts.</li><li>Generate prospective customers through cold calling, qualifying and following up with sales leads.</li><li>Sales can be made through multichannel, inbound and/or outbound sales activities. </li><li>In-depth technical knowledge of products, systems and services (may include contract documentation). </li><li>Up-to-date knowledge of the industry, as well as the competitive posture of the company</li><li>Preparation of activity and forecast reports, as requested.</li><li>May act as sole sales representative for assigned territory, industry, accounts, and/or products.</li><li>Establish and maintain relationships with channel partners.</li><li>Maintain an established network of contacts.</li><li>Represents the company to the customer and the customer to the company in all sales-oriented activities.</li><li>Focuses on acquiring new customers and retaining and growing an existing installed base of customers. </li><li>Minimal business travel or work outside office required.</li><li>Considered highly skilled at sales techniques and demonstrates strong understanding of company products/services.</li><li>Completes complex sales.</li><li>Utilizes knowledge of product/service and industry to evaluate and recommend best solutions for clients.</li><li>Typically has established base of accounts and solid revenue/bookings responsibility.</li><li>Sales completed with little to no supervision.</li><li>Previous experience working for a cyber security integrator, distributor or vendor.</li><li>It is essential that you are based in Senegal.</li></ul><br><b>Experience(s), knowledge, and education we are looking for:</b><br><br><ul><li>A proven track record of success in managing and developing existing accounts</li><li>Experience selling to C-Suite is an advantage</li><li>Experience of closing business</li><li>Experience of working in a sales position in a high-tech organization</li><li>A knowledge of MEDDPICC would be an advantage</li></ul><br><b>Attributes we look for: </b><br><br><ul><li>Self-driven, results-orientated with a positive outlook and a clear focus on high quality and business profit</li><li>A natural forward planner who critically assesses own performance</li><li>Keen for new experience, responsibility and accountability</li><li>Able to work with others and be a team player</li><li>Demonstrable excellent communication skills</li><li>Able to demonstrate success and experience in a sales environment</li><li>Can articulate commitment to career in sales</li><li>Able to work with minimum supervision on routine sales tasks</li></ul><br>Don't meet every single qualification? Studies show people are hesitant to apply if they don't meet all requirements listed in a job posting. Forcepoint is focused on building an inclusive and diverse workplace - so if there is something slightly different about your previous experience, but it otherwise aligns and you're excited about this role, we encourage you to apply. You could be a great candidate for this or other roles on our team.<br><br>The policy of Forcepoint is to provide equal employment opportunities to all applicants and employees without regard to race, color, creed, religion, sex, sexual orientation, gender identity, marital status, citizenship status, age, national origin, ancestry, disability, veteran status, or any other legally protected status and to affirmatively seek to advance the principles of equal employment opportunity.<br><br>Forcepoint is committed to being an Equal Opportunity Employer and offers opportunities to all job seekers, including job seekers with disabilities. If you are a qualified individual with a disability or a disabled veteran, you may request a reasonable accommodation if you are unable or limited in your ability to use or access the Company's career webpage as a result of your disability. You may request reasonable accommodations by sending an email to <a href=""mailto:recruiting@forcepoint.com"" rel=""noopener noreferrer"">recruiting@forcepoint.com</a>.<br><br>Applicants must have the right to work in the location to which you have applied.</p>",Junior Inside Sales Representative,external,2026-03-12T19:22:19Z,junior-inside-sales-representative-ca9338,jobs,21420020,[{'name': 'Flexible / Remote'}],[],"[{'name': 'Entry Level', 'short_name': 'entry'}]",[],{'landing_page': 'https://www.themuse.com/jobs/forcepoint/junior-inside-sales-representative-ca9338'},"{'id': 15000289, 'short_name': 'forcepoint', 'name': 'Forcepoint'}",Entry Level,15000289
"<p>POSITION SUMMARY<br/>
The position of Content Creation Specialist has a primary role of creating copy and imagery for our eCommerce site aligned with PetMeds marketing standards.  In this role you will launch new brands for PetMeds by gathering required marketing information, creating product copy, and creating/editing product images using Photoshop.</p>
<p>PERSONAL QUALITIES<br/>
Priority focused; detail oriented; strong drive for exceeding goals; critical thinker; team player; relationship builder; positive energy; passion to learn; coachable; respectful; integrity; self-motivated; scrappiness and grit a must!</p>
<p>RESPONSIBILITIES AND DUTIES</p>
<p>•   Obtain complete or partial sets of product information from brand partners and format copy to a standardized excel template for product ingestion with all required information.<br/>
•   Synthesize multiple sources of product information to PetMeds standards<br/>
•   Edit product imagery (naming convention, image format, image sizes) to create a complete set of data for each product.<br/>
•   Intake work from a JIRA workflow and post regular status updates in JIRA<br/>
•   Perform other duties as requested.</p>
<p>EXPERIENCE / SKILLS NEEDED</p>
<p>•   Must be organized with excellent time management skills<br/>
•   Experience with image editing software (I.E. Photoshop)<br/>
•   Experience with the MS Office suite, specifically excel<br/>
•   Strong attention to detail with excellent follow-up skills<br/>
•   Self-starter approach to work<br/>
•   Must have a team player attitude<br/>
•   Ability to interact effectively with people at all organizational levels. <br/>
•   Analytical, detail focus, problem-solving, decision making and organization/planning aptitude. <br/>
•   Strong oral and written communication skills. <br/>
•   Preferred:<br/>
o   Content creation experience on eCommerce sites<br/>
o   Experience with enterprise workflow tools (I.E. Jira)<br/>
o   Experience in the pet care industry</p>
<p>QUALIFICATIONS NEEDED</p>
<p>•   Bachelor’s degree in relative field of study; one or more years of experience or training; or equivalent combination of education and experience. <br/>
•   Strong verbal and written communication skills.<br/>
•   Must be able to work in a fast-paced environment with demonstrated ability to juggle multiple competing tasks and demands.</p>
<p>The Department Head has the discretion to hire personnel with a combination of experience and education which may vary from the above listed qualifications.</p>",Content Creation Specialist,native,2025-01-31T10:29:11.936190Z,content-creation-specialist,jobs,10657764,[{'name': 'Flexible / Remote'}],[],"[{'name': 'Entry Level', 'short_name': 'entry'}, {'name': 'Mid Level', 'short_name': 'mid'}]",[],{'landing_page': 'https://www.themuse.com/jobs/petmeds/content-creation-specialist'},"{'id': 994, 'short_name': 'petmeds', 'name': 'PetMeds®'}",Entry Level,994
"<p><b>Who are we?</b><br><br>Equinix is the world's digital infrastructure company®, shortening the path to connectivity to enable the innovations that enrich our work, life and planet.<br><br>A place where bold ideas are welcomed, human connection is valued, and everyone has the opportunity to shape their future.<br><br>A career at Equinix means being at the center of shaping what comes next and amplifying customer value through innovation and impact. You'll work across teams, influence key decisions, and help shape the path forward. You'll find belonging, purpose, and a team that welcomes you-because when you feel valued, you're empowered to do your best work.<br><br><b>Why Us:</b><br><br><ul><li><b>Career Development:</b> Elevate your skills with in-depth training sessions and stay ahead of industry trends. We're committed to your professional growth.</li><li><b>Customer Impact:</b> Be the voice of our customers, resolving issues and providing top-notch support. Your efforts directly contribute to their satisfaction and loyalty.</li><li><b>Team Collaboration:</b> Join a collaborative team that values your contributions. Embrace a positive work culture and thrive alongside supportive teammates.</li></ul><br><b>Responsibilities:</b><br><br><b>Customer Engagement Expertise:</b><br><br><ul><li>Respond promptly to customer inquiries via phone, email, or chat.</li><li>Prioritize orders efficiently and maintain up-to-date customer cases.</li><li>Provide accurate information and expertly assist in issue resolution.</li><li>Document all customer interactions meticulously in our CRM system, Salesforce.com.</li><li>Capture customer feedback, actively contributing to continuous improvement initiatives.</li></ul><br><b>Product and Service Mastery:</b><br><br><ul><li>Develop an in-depth understanding of our products and services, becoming a reliable specialist for customers.</li><li>Stay abreast of the latest features and fixes, ensuring proactive knowledge ahead of customer queries.</li><li>Promptly address customer concerns, utilizing Tier 2 support for more complex cases.</li></ul><br><b>Qualifications:</b><br><br><b>Essential Skills:</b><br><br><ul><li>Exceptional English communication skills, both written and spoken.</li><li>Strong curiosity about technology, with a willingness to learn and adapt.</li><li>Customer-centered thinking and a high level of empathy.</li><li>Proven ability to thrive in fast-paced environments, handling tasks with finesse.</li><li>Collaborative team player, always ready to support colleagues and foster a positive work environment.</li></ul><br><b>Availability and Technical Proficiency:</b><br><br><ul><li>Willingness to work flexible shifts, including weekends and holidays, in a 24/7 customer support environment.</li><li>Proficiency in MS Office applications (Outlook, Word, Excel) is a notable advantage.</li></ul><br>Equinix is committed to ensuring that our employment process is open to all individuals, including those with a disability.  If you are a qualified candidate and need assistance or an accommodation, please let us know by completing this form.<br><br>Equinix is an Equal Employment Opportunity and, in the U.S., an Affirmative Action employer.  All qualified applicants will receive consideration for employment without regard to unlawful consideration of race, color, religion, creed, national or ethnic origin, ancestry, place of birth, citizenship, sex, pregnancy / childbirth or related medical conditions, sexual orientation, gender identity or expression, marital or domestic partnership status, age, veteran or military status, physical or mental disability, medical condition, genetic information, political / organizational affiliation, status as a victim or family member of a victim of crime or abuse, or any other status protected by applicable law.<br><br><b>We use artificial intelligence in our hiring process. Learn more </b><b>here</b><b>.</b><br>This posting is a new position within our organization.</p>",Customer Support Agent (Open to New Grads),external,2026-04-28T19:06:58Z,customer-support-agent-open-to-new-grads-e19f9a,jobs,21633991,"[{'name': 'Flexible / Remote'}, {'name': 'Manila, Philippines'}]",[{'name': 'Unknown'}],"[{'name': 'Entry Level', 'short_name': 'entry'}]",[],{'landing_page': 'https://www.themuse.com/jobs/equinixinc/customer-support-agent-open-to-new-grads-e19f9a'},"{'id': 15000222, 'short_name': 'equinixinc', 'name': 'Equinix, Inc'}",Entry Level,15000222
"<p><b><b><b><b>Job Description Summary</b></b></b></b><br><br>GE Vernova (NYSE: GEV) Addressing the climate crisis is an urgent global priority and we take our responsibility seriously. That is our singular mission at GE Vernova: continuing to electrify the world while simultaneously working to help decarbonize it.<br><br>If we want our energy future to be different...we must be different.<br><br>Our mission is embedded in our name. We retain our treasured legacy, ""GE,"" in our name as an enduring and hard-earned badge of quality and ingenuity. ""Ver"" / ""verde"" signal Earth's verdant and lush ecosystems. ""Nova,"" from the Latin ""novus,"" nods to a new, innovative era of lower carbon energy that GE Vernova will help deliver.<br><br>Together, we have The Energy to Change the World. Learn more at www.gevernova.com<br><br>The Technical Field Advisor (TFA) provides on-site technical direction to customer-owned utility and industrial power plants for their Steam Turbine Generator System(s). The TFA is responsible for reviewing plant engineering documents and P&amp;ID's, troubleshooting of plant systems and equipment, planning, organizing, integrating and direction of resources such as labor, tools and materials as required to complete the work scope according to contractual requirements. The primary responsibility of the TFA is to safely manage the maintenance and repair of the various equipment used in power generation applications. You may be assigned other duties to help proactively drive our Steam Power vision and align with our organization's core values.<br><br>This position is available remotely within the U.S. and expected to travel 80% annually. Travel will primarily be within the U.S. and Canada but may include international travel.<br><br>Continuous employment is dependent on successful completion of formal training provided by General Electric. <br><br>Candidates may receive offers of employment at varying levels of seniority based on the candidate's qualifications and relatable experience.<br><br><b><b>Job Description</b></b><br><br><b>Your Role:</b><br><br><ul><li>Manage, perform, coordinate, and/or monitor Steam Power site activities.</li><li>Perform on-site installation of systems and equipment and ongoing preventive maintenance, repair, and calibration after installation.</li><li>Respond to requests for emergency repairs and services to troublesome equipment.</li><li>Provide technical instruction and assistance to customer representatives regarding installation, operation, calibration, repair, and maintenance at customer's sites.</li><li>Perform administrative functions such as: writing technical reports, ordering materials, securing quotations, preparing job status reports, reports to customers, time sheet and expense sheets on a complete timely, and thorough basis.</li><li>Signs off on all changes implemented.</li><li>Knowledge to troubleshoot and provide routine maintenance checkout for wide range of equipment vintage.</li><li>Prepare timely and accurate technical reports for customer records and a reference for future outages.</li><li>Ensure all parts needed for the job are shipped to the site.</li><li>Perform aftermarket upgrades that need to be performed at the site level.</li><li>Supervise critical tasks when these activities are performed by third parties (as measuring, dimensional checks, other considered by the management).</li></ul><br><b>Required Qualifications</b><br><br><ul><li>Bachelor's degree in Mechanical Engineering or related discipline from an accredited university with a 3.0 or higher GPA; or a High School Diploma / GED with 4+ years of experience in a Field Services or power generation equipment maintenance role.</li><li>Ability and willingness to travel up to 80% of the time.</li></ul><br><b>Desired Qualifications</b><br><br><ul><li>Experience working on customer sites.</li><li>Technically oriented, fast-learner, self-starter (need people who need little direction, willing to do self-study, self-directed)</li><li>Solid understanding of Steam Turbine Operation and Controlling Parameters OR Steam Boiler Operational Principals</li><li>Strong technical skill in reading and interpreting electrical/mechanical flow and instrument diagrams dial and laser alignment and thermal growth equipment.</li></ul><br>Employment is contingent upon acceptable results of your pre-employment background and drug screening (to be taken within 48 hours of your receipt of the test paperwork). You may receive specialized classroom and laboratory training to prepare you for your assignment. You will be expected to complete periodic training to meet competency requirements for the position. All training courses attended must be successfully completed as a minimum requirement for employment.<br><br>Please Note: If being hired to United States location- GE will only employ those who are legally authorized to work in the United States for this opening. Any offer of employment is conditioned upon the successful completion of a background investigation and drug screen.<br><br>If hired in the U.S. - The salary for this position is $70,000-75,000 USD Annual. The specific salary offered to a candidate may be influenced by a variety of factors including the candidate's experience, their education, and the work location.<br><br><em>The Company pays a geographic differential of 110%, 120% or 130% of salary in certain areas.<br><br>Healthcare benefits include medical, dental, vision, and prescription drug coverage; access to a Health Coach, a 24/7 nurse-based resource; and access to the Employee Assistance Program, providing 24/7 confidential assessment, counseling and referral services. Retirement benefits include the GE Retirement Savings Plan, a tax-advantaged 401(k) savings opportunity with company matching contributions and company retirement contributions, as well as access to Fidelity resources and planning consultants. Other benefits include tuition assistance, adoption assistance, paid parental leave, disability insurance, life insurance, and paid time-off for vacation or illness.<br><br>General Electric Company, Ropcor, Inc., their successors, and in some cases their affiliates, each sponsor certain employee benefit plans or programs (i.e., is a ""Sponsor""). Each Sponsor reserves the right to terminate, amend, suspend, replace, or modify its benefit plans and programs at any time and for any reason, in its sole discretion. No individual has a vested right to any benefit under a Sponsor's welfare benefit plan or program. This document does not create a contract of employment with any individual.<br><br>This job posting will close March 30 2026<br><br><b><b><b><b>Additional Information</b></b></b></b><br><br>GE Vernova offers a great work environment, professional development, challenging careers, and competitive compensation. GE Vernova is an <a href=""https://www.eeoc.gov/sites/default/files/2022-10/22-088_EEOC_KnowYourRights_10_20.pdf"" rel=""noopener noreferrer"">Equal Opportunity Employer</a><a href=""http://www.ge.com/sites/default/files/15-000845%20EEO%20combined.pdf"" rel=""noopener noreferrer"">.</a> Employment decisions are made without regard to race, color, religion, national or ethnic origin, sex, sexual orientation, gender identity or expression, age, disability, protected veteran status or other characteristics protected by law.<br><br>GE Vernova will only employ those who are legally authorized to work in the United States for this opening. Any offer of employment is conditioned upon the successful completion of a drug screen (as applicable).<br><br><b>Relocation Assistance Provided: </b>No<br><br>#LI-Remote  -  This is a remote position<br><br>Application Deadline: May 31, 2026<br><br>For candidates applying to a U.S. based position only:<br><br></em>The Company pays a geographic differential of 110%, 120% or 130% of salary in certain areas.<br><br>This posting is expected to remain open for at least seven days after it was posted on March 03, 2026.<br><br>Healthcare benefits include medical, dental, vision, and prescription drug coverage; access to Health Coach from GE Vernova, a 24/7 nurse-based resource; and access to the Employee Assistance Program, providing 24/7 confidential assessment, counseling and referral services. Retirement benefits include the GE Vernova Retirement Savings Plan, a tax-advantaged 401(k) savings opportunity with company matching contributions and company retirement contributions, as well as access to Fidelity resources and financial planning consultants. Other benefits include tuition assistance, adoption assistance, paid parental leave, disability benefits, life insurance and 12 paid holidays. New hires also receive 40 hours of personal business time, 160 hours of personal illness and caregiving time (subject to state law), and two weeks of annual vacation (which may be pro-rated based on start date).<br><br>GE Vernova Inc. or its affiliates (collectively or individually, ""GE Vernova"") sponsor certain employee benefit plans or programs GE Vernova reserves the right to terminate, amend, suspend, replace, or modify its benefit plans and programs at any time and for any reason, in its sole discretion. No individual has a vested right to any benefit under a GE Vernova welfare benefit plan or program. This document does not create a contract of employment with any individual.</p>",Entry Level Technical Field Advisor (TFA) Steam Turbine,external,2026-03-04T18:34:07Z,entry-level-technical-field-advisor-tfa-steam-turbine-a8b855,jobs,21033616,"[{'name': 'Boston, MA'}, {'name': 'Flexible / Remote'}]",[],"[{'name': 'Entry Level', 'short_name': 'entry'}]",[],{'landing_page': 'https://www.themuse.com/jobs/gevernova/entry-level-technical-field-advisor-tfa-steam-turbine-a8b855'},"{'id': 15000121, 'short_name': 'gevernova', 'name': 'GE Vernova'}",Entry Level,15000121
"<p><b>Overview</b><br><br>As we continue to build our team in support of our vision to the be the world's best and most trusted mobility company, Enterprise Fleet Management, an affiliate of Enterprise Mobility is excited to announce the opening of an Accounting Coordinator - Financial Statements!<br><br>The Accounting Coordinator is tasked with the responsibility of requesting, inputting, and managing confidential financial statements for our clients. The perfect candidate will possess a keen attention to detail, demonstrate the ability to handle various responsibilities simultaneously while adhering to deadlines, and exhibit a strong dedication to customer service.<br><br>The starting pay for this position is $21.20 per hour.<br><br>This is a 100% remote, work from home position. Candidates must currently reside in the Coconut Creek, FL area.<br><br>This position is full time and requires normal business working hours of Monday through Friday 8 a.m. to 5 p.m. CST.<br><br>Enterprise Fleet Management also offers a benefits package including paid vacation and choice time days; medical, dental, and vision insurance benefits; dependent spending account, health savings account, life and disability insurance; fertility benefits, Employee Assistance Programs; profit sharing, 401(k) employer match, discounts and more!<br><br><strong>Company Overview </strong><br><br>Enterprise Fleet Management is a privately held, full-service fleet management business for companies, government agencies and organizations with medium-sized fleets. With more than 50 fully staffed offices nationwide, our team of experts can assemble a customized or full-service fleet management program that is just right for each business. With a North American fleet of 750,000 vehicles and growing at over 6 percent, the opportunity with Enterprise Fleet Management is tremendous. Our business continues to thrive, and we remain committed to the investment in and the development of our people.  We do the right thing by our customers and employees every time and in every situation. Not only is that great for business (as seen in our global growth and success) it's also great for employees.<br><br><b>Responsibilities</b><br><br><ul><li>Determine the type of client financials needed</li><li>Communicate with clients to request financial statements</li><li>Receive and process financial statements from customers</li><li>Communicate financial discrepancies with internal parties</li><li>Verify that the financial statements balance</li><li>Process confidential and sensitive customer information</li><li>Seek to improve job performance through self-assessment, skill development, training and goal setting</li><li>Maintain a regular and reliable level of attendance and punctuality</li><li>Perform miscellaneous job-related duties as assigned </li></ul><br>Equal Opportunity Employer/Disability/Veterans<br><br><b>Qualifications</b><br><br><ul><li>Must be 18 years of age or older</li><li>Must currently reside in the Coconut Creek, FL area</li><li>Minimum one year of administrative or accounting related experience</li><li>Intermediate skills of Microsoft Office applications (Word, Excel, Outlook)</li><li>Bachelor's degree in Accounting or Finance preferred</li><li>Previous AP/AR experience preferred</li><li>Must have the ability to meet all work from home technical requirements</li><li>Must be authorized to work in the United States and not require work authorization sponsorship by our company for this position now or in the future</li></ul><br><strong>Competency Based Qualifications:</strong><br><br><ul><li>Executing</li><li>Working with a Team</li><li>Customer Service</li><li>Communication</li><li>Flexibility</li><li>Ethics &amp; Values</li></ul><br><strong>Work from Home (WFH) Requirements:</strong><br><br><ul><li>Terrestrial cable or fiber internet connections are strongly preferred.  Satellite internet connections are not supported </li><li>High-speed Internet connection with a minimum validated upload speed of 5Mb and download speed of 25Mb is required.  Connection latency must be less than 100ms.  (Please validate using a speed test tool such as http://www.speedtest.net/) </li></ul></p>",Accounting Coordinator,external,2025-10-10T19:58:59Z,accounting-coordinator-da2325,jobs,20429721,"[{'name': 'Flexible / Remote'}, {'name': 'Pompano Beach, FL'}]",[],"[{'name': 'Entry Level', 'short_name': 'entry'}]","[{'name': 'Fortune 1000', 'short_name': 'fortune-1000-companies'}]",{'landing_page': 'https://www.themuse.com/jobs/enterprisemobility/accounting-coordinator-da2325'},"{'id': 1211, 'short_name': 'enterprisemobility', 'name': 'Enterprise Mobility'}",Entry Level,1211
"<p>Are you a detail-oriented individual with a passion for research and a good understanding of national and local geography? This freelance opportunity allows you to work at your own pace and from the comfort of your own home.</p>
<p><strong>A Day in the Life of an Online Data Analyst:</strong></p>
<p>In this role, you will be working on a project aimed at enhancing the content and quality of digital maps that are used by millions of people worldwide<br>
Completing research and evaluation tasks in a web-based environment such as verifying and comparing data, and determining the relevance and accuracy of information.</p>
<p>Join us today and be part of a dynamic and innovative team that is making a difference in the world!</p>
<p>TELUS Digital AI Community</p>
<p>Our global AI Community is a vibrant network of 1 million+ contributors from diverse backgrounds who help our customers collect, enhance, train, translate, and localize content to build better AI models. Become part of our growing community and make an impact supporting the machine learning models of some of the world’s largest brands. </p>
<p>Qualification path<br>
No previous professional experience is required to apply to this role, however, working on this project will require you to pass the basic requirements and go through a standard assessment process. This is a part-time long-term project and your work will be subject to our standard quality assurance checks during the term of this agreement. </p>
<p>Basic Requirements<br>
- Full Professional Proficiency in <strong>German &amp; English language</strong><br>
- Being a resident in Germany for the last <strong>2 consecutive year</strong>s and having familiarity with current and historical business, media, sport, news, social media, and cultural affairs in Germany<br>
- Ability to follow guidelines and conduct online research using search engines, online maps, and website information<br>
- Flexibility to work across a diverse set of task types, including maps, news, audio tasks, and relevance<br>
- Daily access to a broadband internet connection, computer, and relevant software</p>
<p>Assessment</p>
<p>In order to be hired into the program, you’ll take an open book qualification exam that will determine your suitability for the position and complete ID verification. Our team will provide you with guidelines and learning materials before your qualification exam. You will be required to complete the exam in a specific timeframe but at your convenience.</p>
<p>Equal Opportunity</p>
<p>All qualified applicants will receive consideration for a contractual relationship without regard to race, color, religion, sex, sexual orientation, gender identity, national origin, disability, or protected veteran status. At TELUS Digital AI, we are proud to offer equal opportunities and are committed to creating a diverse and inclusive community. All aspects of selection are based on applicants’ qualifications, merits, competence, and performance without regard to any characteristic related to diversity.****</p>",Online Data Analyst - German Speakers (DE),external,2025-05-27T13:03:35Z,online-data-analyst-german-speakers-de,jobs,19090457,[{'name': 'Flexible / Remote'}],[],"[{'name': 'Entry Level', 'short_name': 'entry'}]",[],{'landing_page': 'https://www.themuse.com/jobs/telusdigital/online-data-analyst-german-speakers-de'},"{'id': 12251, 'short_name': 'telusdigital', 'name': 'TELUS Digital'}",Entry Level,12251
"<p><b><b><b><b>Job Description Summary</b></b></b></b><br><br><b><b>Job Description</b></b><br><br>GE Vernova (NYSE: GEV) Addressing the climate crisis is an urgent global priority and we take our responsibility seriously. That is our singular mission at GE Vernova: continuing to electrify the world while simultaneously working to help decarbonize it.<br><br>If we want our energy future to be different...we must be different.<br><br>Our mission is embedded in our name. We retain our treasured legacy, ""GE,"" in our name as an enduring and hard-earned badge of quality and ingenuity. ""Ver"" / ""verde"" signal Earth's verdant and lush ecosystems. ""Nova,"" from the Latin ""novus,"" nods to a new, innovative era of lower carbon energy that GE Vernova will help deliver.<br><br>Together, we have The Energy to Change the World. Learn more at <a href=""https://www.gevernova.com"" rel=""noopener noreferrer"">www.gevernova.com</a><br><br><b>Job Description Summary</b><br><br>The Technical Field Advisor (TFA) provides on-site technical direction to customer-owned utility and industrial power plants for their Steam Turbine Generator System(s). The TFA is responsible for reviewing plant engineering documents and P&amp;ID's, troubleshooting of plant systems and equipment, planning, organizing, integrating and direction of resources such as labor, tools and materials as required to complete the work scope according to contractual requirements. The primary responsibility of the TFA is to safely manage the maintenance and repair of the various equipment used in power generation applications. You may be assigned other duties to help proactively drive our Steam Power vision and align with our organization's core values.<br><br>This position is available remotely within the U.S. and expected to travel 80% annually. Travel will primarily be within the U.S. but may include international travel to Canada.<br><br>Continuous employment is dependent on successful completion of formal training provided by General Electric.<br><br>Candidates may receive offers of employment at varying levels of seniority based on the candidate's qualifications and relatable experience.<br><br><b>Your Role:</b><br><br><ul><li>Manage, perform, coordinate, and/or monitor Steam Power site activities.</li><li>Perform on-site installation of systems and equipment and ongoing preventive maintenance, repair, and calibration after installation.</li><li>Respond to requests for emergency repairs and services to troublesome equipment.</li><li>Provide technical instruction and assistance to customer representatives regarding installation, operation, calibration, repair, and maintenance at customer's sites.</li><li>Perform administrative functions such as: writing technical reports, ordering materials, securing quotations, preparing job status reports, reports to customers, time sheet and expense sheets on a complete timely, and thorough basis.</li><li>Signs off on all changes implemented.</li><li>Knowledge to troubleshoot and provide routine maintenance checkout for wide range of equipment vintage.</li><li>Prepare timely and accurate technical reports for customer records and a reference for future outages.</li><li>Ensure all parts needed for the job are shipped to the site.</li><li>Perform aftermarket upgrades that need to be performed at the site level.</li><li>Supervise critical tasks when these activities are performed by third parties (as measuring, dimensional checks, other considered by the management).</li></ul><br><b>Required Qualifications</b><br><br><ul><li>Bachelor's degree in STEM (Science, Technology, Engineering, Math) or related discipline from an accredited university with a 3.0 or higher GPA; or a High School Diploma / GED with 4+ years of experience in a Field Services or power generation equipment maintenance role.</li><li>Ability to obtain Unescorted Security Clearance to Nuclear Facilities across NAM</li></ul><br><b>Desired Qualifications</b><br><br><ul><li>Experience working on customer sites.</li><li>Technically oriented, fast-learner, self-starter (need people who need little direction, willing to do self-study, self-directed)</li><li>Solid understanding of Steam Turbine Operation and Controlling Parameters OR Steam Boiler Operational Principals</li><li>Strong technical skill in reading and interpreting electrical/mechanical flow and instrument diagrams dial and laser alignment and thermal growth equipment.</li><li>Employment is contingent upon acceptable results of your pre-employment background and drug screening (to be taken within 48 hours of your receipt of the test paperwork). You may receive specialized classroom and laboratory training to prepare you for your assignment. You will be expected to complete periodic training to meet competency requirements for the position. All training courses attended must be successfully completed as a minimum requirement for employment.</li></ul><br><b>About Us</b><br><br>For U.S. based candidates only, for purposes of complying with U.S. pay transparency requirements, the base pay for this position in <b>$75,000 USD Annually (role is OT eligible).</b><br><br>The specific pay offered may be influenced by a variety of factors, including the candidate's experience, education, and skill set.<br><br>This position will stay open on the career website until at least July 26, 2026.<br><br><b>Benefits Available to You:</b><br><br>GE employees rise to the challenge of building a world that works. In order to meet this mission, we provide varied, competitive benefits to help support our workforce: <a href=""https://jobs.gecareers.com/global/en/ge-career-benefits"" rel=""noopener noreferrer"">https://jobs.gecareers.com/global/en/ge-career-benefits</a><br><br><ul><li>Our <b>compensation &amp; benefits</b> are designed to help you manage your personal and family needs, while rewarding high performers. We offer a robust benefits package depending on your employment status and your national requirements.</li><li>A <b>healthy, balanced lifestyle</b> can mean different things to different people. We've created programs that support the way you live and work today.</li><li>GE invests to provide opportunities to <b>grow your career</b> by providing a path for continued on-the-job <b>learning and development</b>.</li></ul><br><b>Healthcare benefit</b>s include medical, dental, vision, and prescription drug coverage; access to a Health Coach, a 24/7 nurse-based resource; and access to the Employee Assistance Program, providing 24/7 confidential assessment, counseling, and referral services.<br><br><b>Retirement benefits </b>include the GE Retirement Savings Plan, a tax-advantaged 401(k) savings opportunity with company matching contributions and company retirement contributions, as well as access to Fidelity resources and planning consultants.<br><br><b>Other benefits</b> include tuition assistance, adoption assistance, paid parental leave, disability insurance, life insurance, and paid time-off for vacation or illness.<br><br>General Electric Company, Ropcor, Inc., their successors, and in some cases their affiliates, each sponsor certain employee benefit plans or programs (i.e., is a ""Sponsor""). Each Sponsor reserves the right to terminate, amend, suspend, replace, or modify its benefit plans and programs at any time and for any reason, in its sole discretion. No individual has a vested right to any benefit under a Sponsor's welfare benefit plan or program. This document does not create a contract of employment with any individual.<br><br><b><b><b><b>Additional Information</b></b></b></b><br><br>GE Vernova offers a great work environment, professional development, challenging careers, and competitive compensation. GE Vernova is an <a href=""https://www.eeoc.gov/sites/default/files/2022-10/22-088_EEOC_KnowYourRights_10_20.pdf"" rel=""noopener noreferrer"">Equal Opportunity Employer</a><a href=""http://www.ge.com/sites/default/files/15-000845%20EEO%20combined.pdf"" rel=""noopener noreferrer"">.</a> Employment decisions are made without regard to race, color, religion, national or ethnic origin, sex, sexual orientation, gender identity or expression, age, disability, protected veteran status or other characteristics protected by law.<br><br>GE Vernova will only employ those who are legally authorized to work in the United States for this opening. Any offer of employment is conditioned upon the successful completion of a drug screen (as applicable).<br><br><b>Relocation Assistance Provided: </b>No<br><br>#LI-Remote  -  This is a remote position<br><br>Application Deadline: July 27, 2026<br><br>For candidates applying to a U.S. based position only:<br><br>*The Company pays a geographic differential of 110%, 120% or 130% of salary in certain areas.<br><br>This posting is expected to remain open for at least seven days after it was posted on April 16, 2026.<br><br>Healthcare benefits include medical, dental, vision, and prescription drug coverage; access to Health Coach from GE Vernova, a 24/7 nurse-based resource; and access to the Employee Assistance Program, providing 24/7 confidential assessment, counseling and referral services. Retirement benefits include the GE Vernova Retirement Savings Plan, a tax-advantaged 401(k) savings opportunity with company matching contributions and company retirement contributions, as well as access to Fidelity resources and financial planning consultants. Other benefits include tuition assistance, adoption assistance, paid parental leave, disability benefits, life insurance and 12 paid holidays. New hires also receive 40 hours of personal business time, 160 hours of personal illness and caregiving time (subject to state law), and two weeks of annual vacation (which may be pro-rated based on start date).<br><br>GE Vernova Inc. or its affiliates (collectively or individually, ""GE Vernova"") sponsor certain employee benefit plans or programs GE Vernova reserves the right to terminate, amend, suspend, replace, or modify its benefit plans and programs at any time and for any reason, in its sole discretion. No individual has a vested right to any benefit under a GE Vernova welfare benefit plan or program. This document does not create a contract of employment with any individual.</p>",Entry Level Technical Field Advisor,external,2026-04-17T18:31:37Z,entry-level-technical-field-advisor-5ee41b,jobs,21589194,"[{'name': 'Boston, MA'}, {'name': 'Flexible / Remote'}]",[{'name': 'Unknown'}],"[{'name': 'Entry Level', 'short_name': 'entry'}]",[],{'landing_page': 'https://www.themuse.com/jobs/gevernova/entry-level-technical-field-advisor-5ee41b'},"{'id': 15000121, 'short_name': 'gevernova', 'name': 'GE Vernova'}",Entry Level,15000121
"<p><b>Help Desk Customer Service Advisor </b><br><br><b>Bogota</b><br><br><b><em>ONLY CVs SUBMITTED IN ENGLISH AND CANDIDATES RESIDING IN BOGOTA WILL BE CONSIDERED</em>  </b><br><br><b>The Opportunity: </b><br><br>Anthology offers the largest EdTech ecosystem on a global scale, supporting over 150 million users in 80 countries. Our mission is to provide dynamic, data-informed experiences to the global education community so that learners and educators can achieve their goals.<br><br>We believe in the power of a truly diverse and inclusive workforce. As we expand globally, we are committed to making diversity, inclusion, and belonging a foundational part of not only our hiring practices but who we are as a company.<br><br>For more information about Anthology and our career opportunities, please visit www.anthology.com.<br><br>Student Success brings virtualized support and technology enabled solutions to the world''s most progressive institutions. We provide IT Help Desk and comprehensive Student Lifecycle Management services that improve student engagement and accelerate learning. Our platform gives institutions an efficient, financially sustainable way to deliver services through the enrollment and learning process. Our goal is to build a better educational experience for everyone by extending institutional resources to meet the growing demands of learners.<br><br>We are looking for technically skilled candidates with good problem-solving ability for the position of Help Desk Customer Service Advisor. The duties of this role include being a reference point for all IT-related queries at the user level, responding to user needs in a timely manner, and ensuring the optimal running of all systems, among other technical duties.<br><br>Position responsibilities will include:<br><br><ul><li>Resolving end-user inquiries by utilizing multiple technologies including telephony, chat, and web-based inquiries</li><li>Serving as the first point of contact for clients/end-users seeking technical assistance over the phones, chats, and emails</li><li>Striving for one-call resolution of client issues while communicating appropriate options in a timely and professional manner</li><li>Managing and resolving identified client issues for assigned accounts</li><li>Documenting information into web-based ticketing system</li><li>Searching and navigating the knowledge base to identify appropriate resolution for client issues</li><li>Escalating unique issues or inaccurate information contained in the knowledge base to the immediate supervisor for resolution</li><li>Projecting favorable image of the company to promote its objectives and goals that enhance client relationships</li><li>Participating in internal training programs to expand knowledge and support multiple clients</li><li>Providing delightful, efficient, and accurate resolutions to client inquiries</li><li>Installing, maintaining, and troubleshooting computers, printers, phones, and other peripheral equipment  </li><li>Troubleshooting hardware and software issues  </li><li>Completing software installations  </li><li>Establishing good relationships with all departments and colleagues</li></ul><br><b>The Candidate: </b><br><br>Required skills/qualifications:<br><br><ul><li>Ability to work from home after training.</li><ul><li><b>Note: TRAINING WILL BE ONSITE </b><b>-</b><b>  3 weeks of training will be on-site at our office in Bogota.</b></li></ul><li>High School diploma or equivalent</li><li>Must be 18 years old or over</li><li>Fluency in written and spoken English at CEFR C1/C2 level.</li><li>Excellent oral and written communication skills, including:</li><li>Ability to communicate clearly, both written and orally, with faculty, students, staff, and team members</li><li>Ability to walk customers through outlined problem-solving processes, using our knowledge base system</li><li>Ability to ask questions to determine nature of problem</li><li>Knowledge and experience with building, configuring, and troubleshooting computers</li><li>Experience navigating through multiple internet applications to assist and resolve customer questions  </li><li>Proficiency in MS Office computer applications, including Word and Excel, and willingness to learn new technology systems</li><li>Ability to handle multiple job tasks at one time and escalate issues in a timely manner</li><li>Analytical orientation with strong attention to detail</li><li>You must have a quiet, distraction-free work environment without any conflicting responsibilities during your scheduled work shift</li><li>Ability to accurately type at least 25 wpm</li><li>Strong interpersonal skills and a very high degree of customer service ethic</li><li>Ability to perform remote troubleshooting</li><li>Ability to take inbound (voice) phone calls in a conversation-heavy environment</li><li>Minimum Internet Requirement</li><ul><li>Highspeed Internet Connection (Cable, Fiber, DSL)</li><li>Mobile Broadband is not supported, this is satellite, wireless/cellular hotspot service, and point to point internet service</li><li>40 Mbps Download</li><li>20 Mbps Upload</li><li>100ms Ping or less</li><li>Jitter: 40 MS or less</li><li>Hardwired Connection</li><ul><li>Wired connection from the modem/router to the device, no splits/gaps or usage of Wi-Fi bridges</li></ul></ul></ul><br>Preferred requirements/qualifications:<br><br><ul><ul><li>Some level of higher education completed</li><li>Customer service or contact center experience</li><li>Previous experience in the education industry and with e-learning technologies</li></ul></ul><br><strong>What We Offer: </strong><br>We have an office located in Bogota, Colombia as a hub for the LAC market.<br><br><ul><li>Benefits in prepaid medicine, dental plan, and life insurance</li><li>Food, internet and wellness allowances provided for employees</li><li>Weekend work bonuses for Contact Center staff</li><li>Regular events like bring your dog to work day and ping-pong, foosball, and Mario Kart tournaments </li><li>Daily budget to spend on beverage vending machines </li><li>Located in Capital Towers center in the financial district </li><li>Multiple private spaces for virtual and face-to-face meetings </li><li>Easy access to public transportation close to two important avenues, Carrera 7 and Calle 100 </li><li>Excellent and secure area to eat lunch, have a walk, or dine after office hours </li><li>Free parking for employees and paid parking for visitors </li></ul><br>This job description is not designed to contain a comprehensive listing of activities, duties, or responsibilities that are required. Nothing in this job description restricts management's right to assign or reassign duties and responsibilities at any time.<br><br>Anthology is an equal employment opportunity/affirmative action employer and considers qualified applicants for employment without regard to race, gender, age, color, religion, national origin, marital status, disability, sexual orientation, gender identity/expression, protected military/veteran status, or any other legally protected factor.</p>",Help Desk Customer Service Advisor,external,2024-05-16T23:40:16Z,help-desk-customer-service-advisor,jobs,14824763,[{'name': 'Flexible / Remote'}],[{'name': 'Customer Service'}],"[{'name': 'Entry Level', 'short_name': 'entry'}]",[],{'landing_page': 'https://www.themuse.com/jobs/anthology/help-desk-customer-service-advisor'},"{'id': 15000181, 'short_name': 'anthology', 'name': 'Anthology'}",Entry Level,15000181
"<p><b>Bilingual Inbound/Outbound Enrollment Advisor</b><br><br><b>Remote - US  </b><br><br><b>The Opportunity: </b> <br><br>Anthology offers the largest EdTech ecosystem on a global scale, supporting over 150 million users in 80 countries. Our mission is to provide dynamic, data-informed experiences to the global education community so that learners and educators can achieve their goals.<br><br>We believe in the power of a truly diverse and inclusive workforce. As we expand globally, we are committed to making diversity, inclusion, and belonging a foundational part of not only our hiring practices but who we are as a company.<br><br>For more information about Anthology and our career opportunities, please visit www.anthology.com.<br><br>Student Success brings virtualized support and technology enabled solutions to the world''s most progressive institutions. We provide IT Help Desk and comprehensive Student Lifecycle Management services that improve student engagement and accelerate learning. Our platform gives institutions an efficient, financially sustainable way to deliver services through the enrollment and learning process. Our goal is to build a better educational experience for everyone by extending institutional resources to meet the growing demands of learners.<br><br>Student Success offers remote, work from home opportunities with immediate availability and schedules that offer flexibility.<br><br>The Bilingual Inbound/Outbound Enrollment Specialist will contact potential customers to inform them of available product offerings, consult with them on the best product for their situation, and close the sale with the customer.<br><br>Position responsibilities:<br><br><ul><li>Calling prospective customers who have requested information, and sharing details about various online schooling options </li><li>Handling inbound calls from families interested in enrolling, determining best options, and providing assistance with enrollment systems and process </li><li>Developing relationships with parents as an educational advisor and consultant generating and enhancing interest in the various client products and services </li><li>Understanding differences between public and private charter schools, home schooling, and other product offerings with the ability to describe the differences to potential customers </li><li>Providing recommendations to parents/primary caregivers on which school solution is the best for their situation </li><li>Utilizing Knowledge Base to keep up to date with frequent changes to schools and their enrollment policies and procedures, messaging these appropriately to parents/primary caregivers </li><li>Requesting and closing the sale of parents/primary caregivers relative to the best solution for their situation </li><li>Explaining the enrollment processes, and next steps based on the product chosen </li><li>Meeting key performance indicators for employee attendance, phone productivity, enrollments, call quality, customer satisfaction, customer loyalty, and schedule adherence </li><li>Handling multiple job tasks at one time and escalating issues in a timely manner </li></ul><br><b>The Candidate: </b> <br><br>Required skills:<br><br><ul><li>Bilingual in written and spoken Spanish and English (equivalent to English fluency of CEF C1 level or above) </li><li>High school diploma or equivalent combination of education and experience </li><li>Must be at least 18 years old </li><li>Solutions-oriented </li><li>Ability to identify customer educational needs and find appropriate solutions </li><li>Computer knowledge and internet navigation skills </li><li>Ability to handle multiple job tasks at one time and escalate issues in a timely manner </li><li>Effective oral and written communication skills </li><li>Ability to take inbound (voice) phone calls in a conversational manner </li><li>Willing to accept a temporary assignment </li><li>Must reside within an approved state<em> </li></ul><ul><li>Must be able to work from home with the following internet requirements: High-speed Internet Connection (Cable, Fiber, DSL) <ul><li>Mobile Broadband is not supported, this is satellite, wireless/cellular hotspot service, and point to point internet service</li><li>40 Mbps Download </li><li>20 Mbps Upload </li><li>100ms Ping or less </li><li>Jitter: 40 MS or less </li><li>Hardwired Connection <ul><li>Wired connection from the modem/router to the device, no splits/gaps or usage of Wi-Fi bridges </li></ul></li></ul></li></ul><br>Preferred skills:<br><br><ul><li>College degree or some college completed </li><li>1 or more years of customer service experience  </li></ul><br>Pay rate is $16/hour. We use national and industry-specific survey data to assist in determining compensation. Additionally, we consider factors such as external market rate, budget for the role, and the compensation rates of current employees performing the same function. Some roles will have variable pay.<br><br>This job description is not designed to contain a comprehensive listing of activities, duties, or responsibilities that are required. Nothing in this job description restricts management's right to assign or reassign duties and responsibilities at any time.<br><br>Anthology is an equal employment opportunity/affirmative action employer and considers qualified applicants for employment without regard to race, gender, age, color, religion, national origin, marital status, disability, sexual orientation, gender identity/expression, protected military/veteran status, or any other legally protected factor.<br><br></em>This position is available for candidates residing in the following states: AL, AR, FL, GA, IN, KY, LA, MO, MS, NC, NV, OH, OK, PA, SC, TN, TX, WI, WV</p>",Bilingual Inbound/Outbound Enrollment Advisor,external,2024-05-16T23:40:16Z,bilingual-inboundoutbound-enrollment-advisor,jobs,14852753,"[{'name': 'Flexible / Remote'}, {'name': 'Greenville, SC'}]",[{'name': 'Education'}],"[{'name': 'Entry Level', 'short_name': 'entry'}]",[],{'landing_page': 'https://www.themuse.com/jobs/anthology/bilingual-inboundoutbound-enrollment-advisor'},"{'id': 15000181, 'short_name': 'anthology', 'name': 'Anthology'}",Entry Level,15000181
"<p>About Us<br>
The Muse is the go-to destination for the next-generation workforce to research companies and careers. Every year, tens of millions of professionals turn to our platform to find trusted guidance on career growth, skills development, and job opportunities.<br>
We believe that great ideas can come from anywhere. That’s why we foster a collaborative, inclusive environment where diverse perspectives and experiences drive innovation. Our team is passionate about helping people win at work — and it’s this shared mission, along with our dynamic mix of voices and ideas, that makes The Muse such an exciting place to grow your career.</p>
<p>Position Overview<br>
Are you outgoing, motivated, and excited to help businesses grow? We’re looking for an energetic and driven Business Development Representative (BDR) Intern to join our remote team!<br>
In this role, you’ll be at the forefront of generating new business opportunities, identifying potential clients, and building meaningful relationships that drive success. You’ll work closely with our sales and account management teams to qualify leads, nurture prospects, and help turn opportunities into long-term partnerships.<br>
This is an excellent opportunity to gain hands-on experience in business development, sharpen your sales and client engagement skills, and work with clients across diverse industries—all from a fully remote environment.</p>
<p>What you will do:<br>
•   Identify and research potential clients and business opportunities<br>
•   Qualify leads and engage prospects through calls, emails, and meetings<br>
•   Collaborate with sales and account teams to convert opportunities into partnerships<br>
•   Support the sales pipeline with reporting and data tracking<br>
•   Learn best practices in business development, client engagement, and relationship management</p>
<p>What we are looking for:<br>
•   Degree (or pursuing) in Business or Marketing or related field.<br>
•   Energetic, proactive, and motivated to learn<br>
•   Strong communication and interpersonal skills<br>
•   Comfortable reaching out to new clients and building relationships<br>
•   Curious and eager to learn about sales strategies and business growth<br>
•   Team player who thrives in a remote, collaborative environment</p>
<p>Why you will love it here:<br>
•   100% remote and flexible work setup<br>
•   Real exposure to clients across multiple industries<br>
•   Hands-on experience in business development and sales<br>
•   Supportive, collaborative team culture focused on growth and learning</p>
<p>If you’re ready to kickstart your career in business development, help clients grow, and gain valuable skills for the future — we’d love to meet you!<br>
Application Process<br>
Interested candidates should apply directly through the platform. Qualified applicants may be considered for multiple client opportunities based on their skills, experience, and interests.</p>",Business Development Representative – Remote Internship,external,2025-12-11T15:34:34Z,business-development-representative-remote-internship,jobs,20897437,[{'name': 'Flexible / Remote'}],[],"[{'name': 'Entry Level', 'short_name': 'entry'}]",[],{'landing_page': 'https://www.themuse.com/jobs/themuse/business-development-representative-remote-internship'},"{'id': 1327, 'short_name': 'themuse', 'name': 'The Muse'}",Entry Level,1327
"<p><b>Overview</b><br><br>As we continue to build our team in support of our vision to the be the world's best and most trusted mobility company, Enterprise Fleet Management, a business line of Enterprise Mobility is excited to announce the opening of a Shared Services Representative!<br><br>The Shared Services Representative for our National Service Department will primarily be responsible for ensuring timely follow up on maintenance replacement rentals and roadside related services, while communicating client approval of repairs to maintenance facilities. The Shared Services Representative will also assist with various tasks, projects, and reports related to managing vehicle recalls, historical repair orders, and manufacturer claims.<br><br>This is a full-time, work from home position, that will allow you to work 100% from your home residence in the Kansas City Metropolitan area. Our National Service Department operates between the hours of Monday through Friday 5a.m. - 9 p.m. CST and Saturday 7 a.m. - 4 p.m. CST. Schedules are based on current business needs and will require working full-time, 40 hours per week.<br><br>Enterprise Fleet Management also offers a benefits package including paid vacation and choice time days; medical, dental, and vision insurance benefits; dependent spending account, health savings account, life and disability insurance; fertility benefits, Employee Assistance Programs; profit sharing, 401(k) employer match, discounts, and more!<br><br>The pay range for this position is $17.36 - $18.61 per hour. Pay within the range will be determined based on numerous factors including, but not limited to, relevant education, qualifications, experience, skills, performance, time in position, and business of organizational needs.<br><br>Company Overview <br><br>Enterprise Fleet Management is a privately held, full-service fleet management business for companies, government agencies and organizations with medium-sized fleets. With more than 50 fully staffed offices nationwide, our team of experts can assemble a customized or full-service fleet management program that is just right for each business. With a North American fleet of 745,000 vehicles and growing at just over 7 percent, the opportunity with Enterprise Fleet Management is tremendous. Our business continues to thrive, and we remain committed to the investment in and the development of our people. We do the right thing by our customers and employees every time and in every situation. Not only is that great for business (as seen in our global growth and success) it's also great for employees.<br><br><b>Responsibilities</b><br><br><strong>Responsibilities include:</strong><br><br><ul><li>Monitor the advancement of live jobs by conducting follow ups to vendor partners, clients, and maintenance repair facilities in a timely manner</li><li>Communicate status of live jobs and vehicles out of service at repair facilities by noting internal system and emailing or calling clients</li><li>Identify and escalate customer service opportunities related to roadside assistance or delays in repairs</li><li>Extend replacement rentals to accommodate alternate transportation for fleet drivers</li><li>Consult with, and make recommendations to, clients regarding vehicle repair service progression</li><li>Relay repair approvals to repair facilities on behalf of the client</li></ul><br>Equal Opportunity Employer/Disability/Veterans     #LI-REMOTE<br><br><b>Qualifications</b><br><br><strong>Minimum Qualifications:</strong><br><br><ul><li>Must be 18 years of age or older</li><li>Must live in the Kansas City Metropolitan area or surrounding Missouri or Kansas counties</li><li>Must live in the state of Missouri or Kansas</li><li>One (1) year of Customer Service experience</li><li>One (1) year of administrative support experience</li><li>Basic proficiency with Microsoft Office applications (Word, Excel, and Outlook)</li><li>Must have the ability to meet all work from home technical requirements</li><li>Must be authorized to work in the United States and not require work authorization sponsorship by our company for this position now or in the future</li></ul><br><strong>Competency Based Qualifications:</strong><br><br><ul><li>Executing</li><li>Customer Service</li><li>Detail Oriented</li><li>Analyzing</li><li>Communication</li><li>Flexibility</li></ul><br>Work From Home (WFH) Requirements:<br><br><ul><li>Must have reliable and consistent high-speed internet access provided by a terrestrial cable or fiber provider (no DSL or satellite)</li><li>High-speed Internet connection with a minimum validated upload speed of 5Mb and download speed of 25Mb is required.  Connection latency must be less than 100ms.  (Please validate using a speed test tool such as http://www.speedtest.net/) </li></ul></p>",Shared Services Representative - Remote - Fleet Management,external,2025-08-19T19:48:14Z,shared-services-representative-remote-fleet-management-ab551b,jobs,19943144,"[{'name': 'Flexible / Remote'}, {'name': 'Kansas City, MO'}]",[],"[{'name': 'Entry Level', 'short_name': 'entry'}]","[{'name': 'Fortune 1000', 'short_name': 'fortune-1000-companies'}]",{'landing_page': 'https://www.themuse.com/jobs/enterprisemobility/shared-services-representative-remote-fleet-management-ab551b'},"{'id': 1211, 'short_name': 'enterprisemobility', 'name': 'Enterprise Mobility'}",Entry Level,1211
"<p><strong>CURLS Beauty Brands is a company that operates with passion and respect for our work, our customers, our employees, and the curly hair communities that we serve. As an industry leader we operate with excellence, integrity, and innovation. CURLS was founded by Mahisha Dellinger, a former Marketing Manager at a Fortune 500 Company. Disenchanted with the lack of natural hair products with quality ingredients and dependability, Mahisha sought to create a new brand that resonates with women like her. Our CEO collaborated with leading cosmetic and wellness experts to develop CURLS. Her desire was to create a remarkable, high-quality, natural hair care line for an overlooked audience. The extensive chemistry background from her team of expert formulators and the niche of catering to natural hair women proved to be a winning combination that continues its trajectory today.</strong></p>
<p>Our commitment remains to carefully uphold the principles of quality and integrity that define our brand. While our CURLS brand continues to be one of the most recognized natural hair care brands in North America, we still have a lot more to do. Our passion is to connect to curly hair women everywhere to empower them to live beautifully and remarkably.</p>
<p>Our CURLS team is seeking a Graphic Artist to Design web pages, brochures, logos, signs, books, magazine covers, annual reports, advertisements, and other communication materials. Create these materials by hand or by using technology, including computer software programs. Adobe's Creative Suite—including Photoshop, Illustrator, InDesign, and more—is the standard in the industry and most employers expect designers to be proficient with its programs. Meet with the team to gain an understanding of what they want their proposed communications to look like. Create or incorporate illustrations, pictures, and designs to reflect the desired theme and tone of the communications.</p>
<p>Select type size and style to enhance the readability of text and image.<br/>
Produce drafts for review by clients and make revisions based on the feedback received.<br/>
Review final productions for errors and ensure that final prints reflect client specifications.<br/>
<strong>If you have a passion to build fantastic online solutions and helping clients grow, read on!</strong></p>
<p><strong>PREFERRED QUALIFICATIONS</strong><br/>
<ul> <li>5 years Experience<br/>
</li><li>Able to manage may projects</li></ul></p>
<p>Please send online link to website work, cover letter and resume.</p>
<p>Job Type: Part-Time to Full-Time</p>
<p>Salary: $16.00 to $17.00 /hour based upon proven and verifiable experience</p>
<p><strong>Location: Remote but must reside in US and work during Central Standard hours.</strong></p>",Graphic Artist,native,2020-10-09T20:25:56Z,graphic-artist-c39a10,jobs,4292923,[{'name': 'Flexible / Remote'}],[],"[{'name': 'Entry Level', 'short_name': 'entry'}, {'name': 'Internship', 'short_name': 'internship'}]",[],{'landing_page': 'https://www.themuse.com/jobs/curls/graphic-artist-c39a10'},"{'id': 12093, 'short_name': 'curls', 'name': 'CURLS'}",Entry Level,12093
"<p><b>Who We Are</b><br><br>At Kyndryl, we design, build, manage and modernize the mission-critical technology systems that the world depends on every day. So why work at Kyndryl? We are always moving forward - always pushing ourselves to go further in our efforts to build a more equitable, inclusive world for our employees, our customers and our communities.<br><br><b>The Role</b><br><br>Are you ready to build the backbone of modern applications?<br>We are looking for a Junior Backend Developer to join our team and contribute to impactful projects that require strong technical foundations and collaborative spirit.<br><br><b>In this role, you will:</b><br><br><ul><li>Develop and maintain backend services and RESTful APIs using <b>Python</b> or <b>Node.js (TypeScript)</b>.</li><li>Work with <b>Docker</b> for containerization and implement basic logging/error handling.</li><li>Interact with <b>relational databases</b> (e.g., PostgreSQL/MySQL) and at least one <b>NoSQL</b> store (e.g., MongoDB/DynamoDB) at a basic level.</li><li>Collaborate with frontend developers, architects, and product teams to deliver scalable and secure solutions using <b>Git</b> and agile practices.</li><li>Support active projects where backend integration is critical to delivery success.</li></ul><br><b>Your Future at Kyndryl</b><br>Every position at Kyndryl offers a way forward to grow your career. We have opportunities that you won't find anywhere else, including hands-on experience, learning opportunities, and the chance to certify in all four major platforms. Whether you want to broaden your knowledge base or narrow your scope and specialize in a specific sector, you can find your opportunity here.<br><br><b>Who You Are</b><br>You're good at what you do and possess the required experience to provide it. However, equally as important - you have a growth mindset; keen to drive your own personal and professional development. You are customer-focused - someone who prioritizes customer success in your work. And finally, you're open and borderless - naturally inclusive in how you work with others.<br><br><b>Who You Are</b><br><br><b>Required Skills</b><br><br><ul><li>Up to 3 years of experience in backend development.</li><li>Proficiency in <b>Python</b> or <b>Node.js with TypeScript</b>; building <b>RESTful services</b>.</li><li>Basic data modeling with a <b>relational DB</b> and familiarity with a <b>NoSQL</b> database.</li><li><b>Docker</b> fundamentals (build, run, compose) and <b>Git</b> usage.</li><li>Currently studying or graduated from a systems-related field (exceptions may be considered).</li><li>Strong collaboration and communication skills.</li></ul><br><b>Preferred Skills </b><br><br><ul><li>Exposure to <b>cloud</b> platforms (AWS, GCP, Azure) and simple CI/CD.</li><li>Introductory experience in <b>GenAI</b> (e.g., <b>LangChain/LangGraph</b>) and awareness of <b>Bedrock</b>, <b>Vertex AI</b>, or <b>Azure OpenAI</b>.</li><li>Familiarity with agile methodologies (e.g., Scrum).</li><li>Ability to interact with clients and stakeholders (customer-facing mindset).</li></ul><br><b>Being You</b><br><br>Diversity is a whole lot more than what we look like or where we come from, it's how we think and who we are. We welcome people of all cultures, backgrounds, and experiences. But we're not doing it single-handily: Our Kyndryl Inclusion Networks are only one of many ways we create a workplace where all Kyndryls can find and provide support and advice. This dedication to welcoming everyone into our company means that Kyndryl gives you - and everyone next to you - the ability to bring your whole self to work, individually and collectively, and support the activation of our equitable culture. That's the Kyndryl Way.<br><br><b>What You Can Expect</b><br><br>With state-of-the-art resources and Fortune 100 clients, every day is an opportunity to innovate, build new capabilities, new relationships, new processes, and new value. Kyndryl cares about your well-being and prides itself on offering benefits that give you choice, reflect the diversity of our employees and support you and your family through the moments that matter - wherever you are in your life journey. Our employee learning programs give you access to the best learning in the industry to receive certifications, including Microsoft, Google, Amazon, Skillsoft, and many more. Through our company-wide volunteering and giving platform, you can donate, start fundraisers, volunteer, and search over 2 million non-profit organizations.  At Kyndryl, we invest heavily in you, we want you to succeed so that together, we will all succeed.<br><br><b>Get Referred!</b> <br><br>If you know someone that works at Kyndryl, when asked 'How Did You Hear About Us' during the application process, select 'Employee Referral' and enter your contact's Kyndryl email address.</p>",Backend Developer - Junior (Kyndryl Graduate Program),external,2025-10-22T18:34:05Z,backend-developer-junior-kyndryl-graduate-program,jobs,20368600,"[{'name': 'Buenos Aires, Argentina'}, {'name': 'Flexible / Remote'}]",[{'name': 'Software Engineering'}],"[{'name': 'Entry Level', 'short_name': 'entry'}]",[],{'landing_page': 'https://www.themuse.com/jobs/kyndryl/backend-developer-junior-kyndryl-graduate-program'},"{'id': 15000490, 'short_name': 'kyndryl', 'name': 'Kyndryl'}",Entry Level,15000490
"<p><b>Requisition #: </b>19902<br><b>Functional Area:</b>  Inside Sales; Account Management; Marketing<br><b>Employment Type:</b>  Full-Time<br><b>Work Options:</b>  Remote / Work from Home in the US #LI-Remote<br><b>Work Hours:</b>  Standard Business Hours (CDT)<br><br><b><b>Inside Sales Representative (Sales Academy)</b></b><br><br>Calling <strong>UPCOMING and NEW GRADUATES! </strong>Are you looking to work consistent hours, make good money, and have fun while you're doing it?  If so, now is your chance to join J. J. Keller's Sales Academy.<br><br>Our Sales Academy is a 4-month program with a progressive curriculum, professional development plan, and balanced practical experience, and was designed for motivated and competitive individuals who are eager to take their sales careers to the next level.<br><br>Sales Development Representatives in the Sales Academy will engage new and existing customers over the phone through cold calling and proactive prospecting. We are seeking <strong>people-focused</strong>, <strong>energetic</strong>, <strong>goal-driven, curious, and coachable</strong> individuals who have a <strong>strong desire to advance in an inside sales career.</strong> Upon successful completion, you will be promoted into a direct sales position where you'll have the necessary foundation to take your sales career to the next level.<br><br><strong>This role can work 100% remote in the US or on-site at our Corporate Campus in Neenah, WI. </strong><br><br><b><b>Ideal Candidate:</b></b><br><br><ul><li><b>Hunter Mentality:</b> Driven to seek out and secure new business opportunities through cold calling and proactive outreach, motivated to exceed monthly sales quotas.</li><li><b>Communication Skills:</b> Confident and clear when presenting solutions.</li><li><b>Education:</b> High School Diploma required; Bachelor's degree preferred.</li><li><b>Technology:</b> Proficiency with Microsoft Office products, and strong aptitude to learn new systems.</li></ul><br><b><b>Work Environment:</b></b><br><br><ul><li><strong>Work/Life Balance:</strong> Adhere to a Monday through Friday 8:00am - 4:30pm CST, 40-hour workweek, with no nights or weekends. Enjoy a predictable schedule and organized work routine.</li><li><strong>Remote or In-Office:</strong> If you're near our corporate office in Wisconsin, you can choose to work in the office or from home. For those outside our local area, this role will be entirely remote, performed from your dedicated home office in the U.S.</li><li><strong>Private Work Environment:</strong> It's essential to maintain a distraction-free, private work environment. J. J. Keller will provide the necessary computer equipment for you to fulfill your role.</li><li><strong>""Camera On"" culture:</strong> For meetings and internal interaction we utilize MS Teams for video communication.</li></ul><br><b><b>Benefits &amp; Compensation:</b></b><br><br><ul><li><strong>Earnings:</strong> $54,000 to $55,000 first year, $55,000 to $70,000 post-Academy. (starting at $23.50 per hour base pay + monthly performance incentive)</li><li><strong>Work/Life Balance:</strong> Enjoy a structured 40-hour work week, Mon-Fri 8:00am-4:30pm CST.</li><li><strong>Paid Time Off:</strong> 17 days of PTO plus 9 paid holidays.</li><li><strong>Retirement:</strong> 401(k) with company match and annual profit-sharing.</li><li><strong>Bonuses:</strong> Quarterly bonuses based on company profitability.</li><li><strong>Health Coverage:</strong> Medical, dental, vision insurance</li><li><strong>Wellness:</strong> Free onsite wellness clinic (for those near the office), free telehealth services (nationwide), and free online workout programs.</li><li><strong>Culture:</strong> Supportive, people-friendly culture encouraging career growth and development.</li></ul><br><b><b>Physical Requirements</b></b><br><br>Work is performed primarily in a standard office <b>or home office </b>environment. Work involves operation of personal computer equipment for extended periods of time.<br><br><strong>We Protect People &amp; The Businesses They Run™</strong><br><br>Every associate at J. J. Keller makes a difference by creating safer, more respectful workplaces. Whether serving our customers directly with expertise in safety and regulatory compliance or supporting the business with specialized skills, together we contribute to better workplaces for people across North America.<br><br><strong>J. J. Keller History:</strong>  November 1, 2023, marked 70 years of business for J. J. Keller &amp; Associates, Inc. Click <a href=""https://www.youtube.com/watch?v=MzN6NjaZ0gM"" rel=""noopener noreferrer"">HERE</a> to take a tour through three generations of this family-owned business - from our founding as a one-man consulting firm through decades of delivering on our purpose of protecting people and the businesses they run.<br><br><strong>J. J. Keller Career Stories</strong>:  Click <a href=""https://www.themuse.com/profiles/jjkellerassociatesinc#employees"" rel=""noopener noreferrer"">HERE</a> to hear from our associates about what they have to say about life as an associate at J. J. Keller.<br><br><strong>J. J. Keller Earns 8th Great Place to Work Certification™:</strong>  Click <a href=""https://www.greatplacetowork.com/certified-company/1369196"" rel=""noopener noreferrer"">HERE</a> to find out what makes J. J. Keller great.<br><br><strong>J. J. Keller Certified as a Top 100 Most Loved Workplace® in America:</strong>  Click <a href=""https://mostlovedworkplace.com/companies/j-j-keller-associates-inc-2/?fbclid=IwAR0XjbEYaHTo7rIXni73ZBL6w9GWBQCeUoGzJgPJkwsgapcmZxuj46Tnkiw"" rel=""noopener noreferrer"">HERE</a> to find out why our associates LOVE working at J. J. Keller.<br><br><strong>2024 Top Company for Women to Work for in Transportation:</strong>  Click <a href=""https://www.womenintrucking.org/press-releases/women-in-trucking-association-names-2024-top-companies-for-women-to-work-in-transportation?utm_campaign=Top%20Companies&amp;utm_content=314730068&amp;utm_medium=social&amp;utm_source=linkedin&amp;hss_channel=lcp-22122580"" rel=""noopener noreferrer"">HERE</a> to learn more about this prestigious recognition.<br><br>J. J. Keller provides a competitive benefit package which includes the following (eligibility requirements apply):  Medical, Dental, and Vision Insurance, 401(k) and Profit Sharing Plan, etc. The compensation range for this role is $55,000.00 to $55,000.00 which varies depending on factors including, but not limited to, a candidate's overall experience and geographic location. Note that J. J. Keller is not currently recruiting employees to work in California.<br><br>If you experience system-related issues or need assistance with the online application, please call (920) 720-7700.<br><br><strong>Professional Referral Program: </strong>Not the right role for you, but know someone who could be a great fit? Click <a href=""https://jobs.jjkeller.com/content/ReferralProgram/?locale=en_US"" rel=""noopener noreferrer"">HERE</a> to refer them to us through our Professional Referral Programand you will earn a <strong>cash payment </strong>if your referral is hired.<br><br>J. J. Keller &amp; Associates, Inc. is an Equal Opportunity Employer and does not discriminate against any employee or applicant for employment because of race, color, sex, age, national origin, religion, sexual orientation, gender identity, status as a veteran, and basis of disability or any other federal, state or local protected class.<br><br><strong>Nearest Major Market: </strong>Oshkosh                                            <br><strong>Nearest Secondary Market: </strong>Appleton                                                                            <br><strong>Job Segment: </strong>                    Outside Sales, Sales Rep, Inside Sales, Telemarketing, Direct Sales, Sales</p>",Sales Development Representative (Sales Academy),external,2026-05-01T23:29:26Z,sales-development-representative-sales-academy-182f14,jobs,18276722,"[{'name': 'Flexible / Remote'}, {'name': 'Neenah, WI'}]",[{'name': 'Sales'}],"[{'name': 'Entry Level', 'short_name': 'entry'}]",[],{'landing_page': 'https://www.themuse.com/jobs/jjkellerassociatesinc/sales-development-representative-sales-academy-182f14'},"{'id': 15000107, 'short_name': 'jjkellerassociatesinc', 'name': 'J. J. Keller & Associates, Inc.'}",Entry Level,15000107
"<p>Seeking a freelance project that will allow you to work from home while making a difference in the world of technology? If you are someone who is passionate and enjoys staying ahead of the tech curve this part-time remote project with flexible working hours might be what you are looking for! </p>
<p>The estimated hourly earnings for this role are 15 USD. Payment is based on completed tasks, with the potential for higher earnings based on productivity. </p>
<p>A Day in the Life of a Personalized Internet Ads Assessor:</p>
<p>In this role, you will be reviewing online advertisements by rating them on their relevance to the search terms used as well as providing feedback on their language and cultural relevance in order to improve their content, quality, and layout<br>
Your ultimate goal will be to contribute towards making internet search and online advertising more relevant and interesting for millions of users, including yourself.</p>
<p>Join our team today and start putting your skills to work for one of the world's leading online advertising platforms while being a part of a supportive community that offers:</p>
<p>Access to complimentary mental health support benefits like free EAP and Mindfulness Apps.<br>
Dedicated, responsive well-being team proactively offering well-being education each month, as well as quarterly initiatives.</p>
<p>TELUS Digital AI Community</p>
<p>Our global AI Community is a vibrant network of 1 million+ contributors from diverse backgrounds who help our customers collect, enhance, train, translate, and localize content to build better AI models. Become part of our growing community and make an impact supporting the machine learning models of some of the world’s largest brands. </p>
<p>Qualification path<br>
No previous professional experience is required to apply to this role, however, working on this project will require you to pass the basic requirements and go through a standard assessment process. This is a part-time long-term project and your work will be subject to our standard quality assurance checks during the term of this agreement. </p>
<p>Basic Requirements</p>
<ul>
<li>Working as a freelancer with excellent communication skills with full professional proficiency in English and Dutch</li>
<li>Being a resident in Curacao for the last 3 consecutive years and Having familiarity with current and historical business, media, sport, news, social media, and cultural affairs in Curacao</li>
<li>Active use of Gmail, Google+, and other forms of social media and experience in the use of web browsers to navigate and interact with a variety of content</li>
<li>Daily access to a broadband internet connection, a smartphone (Android 4.1, iOS 8 or higher), and a personal computer with antivirus software to work on. You’ll also need a Barcode Scanner application to be installed on your smartphone to complete certain tasks.</li>
</ul>
<p>Assessment</p>
<p>In order to be hired into the program, you’ll take a language assessment and an open book qualification exam that will determine your suitability for the position and complete ID verification. Don’t worry, our team will provide you with guidelines and learning materials before your exam. You will be required to complete the exam in a specific timeframe but at your convenience!</p>
<p>Equal Opportunity</p>
<p>All qualified applicants will receive consideration for a contractual relationship without regard to race, color, religion, sex, sexual orientation, gender identity, national origin, disability, or protected veteran status. At TELUS Digital AI, we are proud to offer equal opportunities and are committed to creating a diverse and inclusive community. All aspects of selection are based on applicants’ qualifications, merits, competence, and performance without regard to any characteristic related to diversity.</p>",Personalized Internet Ads Assessor - WFH Dutch Speaker,external,2025-05-27T12:38:51Z,personalized-internet-ads-assessor-wfh-dutch-speaker,jobs,19091384,"[{'name': 'Flexible / Remote'}, {'name': 'Willemstad, Curaçao'}]",[],"[{'name': 'Entry Level', 'short_name': 'entry'}]",[],{'landing_page': 'https://www.themuse.com/jobs/telusdigital/personalized-internet-ads-assessor-wfh-dutch-speaker'},"{'id': 12251, 'short_name': 'telusdigital', 'name': 'TELUS Digital'}",Entry Level,12251
"<p><b>Inbound/Outbound Enrollment Advisor</b><br><br><b>Remote - US  </b><br><br><b>The Opportunity: </b><br><br>Anthology offers the largest EdTech ecosystem on a global scale, supporting over 150 million users in 80 countries. Our mission is to provide dynamic, data-informed experiences to the global education community so that learners and educators can achieve their goals.<br><br>We believe in the power of a truly diverse and inclusive workforce. As we expand globally, we are committed to making diversity, inclusion, and belonging a foundational part of not only our hiring practices but who we are as a company.<br><br>For more information about Anthology and our career opportunities, please visit www.anthology.com.<br><br>Student Success brings virtualized support and technology enabled solutions to the world''s most progressive institutions. We provide IT Help Desk and comprehensive Student Lifecycle Management services that improve student engagement and accelerate learning. Our platform gives institutions an efficient, financially sustainable way to deliver services through the enrollment and learning process. Our goal is to build a better educational experience for everyone by extending institutional resources to meet the growing demands of learners.<br><br>Student Success offers remote, work from home opportunities with immediate availability and schedules that offer flexibility.<br><br>The Inbound/Outbound Enrollment Specialist will contact potential customers to inform them of available product offerings, consult with them on the best product for their situation, and close the sale with the customer.<br><br>Position responsibilities:<br><br><ul><li>Calling prospective customers who have requested information and sharing details about various online schooling options </li><li>Handling inbound calls from families interested in enrolling, determining best options, and providing assistance with enrollment systems and process </li><li>Developing relationships with parents as an educational advisor and consultant generating and enhancing interest in the various client products and services </li><li>Identifying customer educational needs and finding appropriate solutions </li><li>Understanding differences between public and private charter schools, home schooling, and other product offerings with the ability to describe the differences to potential customers </li><li>Providing recommendations to parents/primary caregivers on which school solution is the best for their situation </li><li>Utilizing Knowledge Base to keep up to date with frequent changes to schools and their enrollment policies and procedures, messaging these appropriately to parents/primary caregivers </li><li>Requesting and closing the sale of parents/primary caregivers relative to the best solution for their situation </li><li>Explaining the enrollment processes, and next steps based on the product chosen </li><li>Meeting key performance indicators for employee attendance, phone productivity, enrollments, call quality, customer satisfaction, customer loyalty, and schedule adherence </li><li>Handling multiple job tasks at one time and escalating issues in a timely manner </li></ul><br><b>The Candidate: </b><br><br>Requirements:<br><br><ul><li>Full professional proficiency in written and spoken English (equivalent to CEF B2 level or above) </li><li>Excellent written and oral communication skills </li><li>Computer knowledge and internet navigation skills </li><li>Must be at least 18 years old </li><li>High School diploma or equivalent combination of education and experience </li><li>Willing to accept a temporary assignment </li><li>Must reside within approved state<em> </li></ul><ul><li>Must be able to work from home with the following internet requirements: High-speed Internet Connection (Cable, Fiber, DSL) <ul><li>Mobile Broadband is not supported, this is satellite, wireless/cellular hotspot service, and point to point internet service</li><li>40 Mbps Download </li><li>20 Mbps Upload </li><li>100ms Ping or less </li><li>Jitter: 40 MS or less </li><li>Hardwired Connection <ul><li>Wired connection from the modem/router to the device, no splits/gaps or usage of Wi-Fi bridges </li></ul></li></ul></li></ul><br>Preferred skills:<br><br><ul><li>College degree or some college completed </li><li>1 or more years of customer service experience  </li></ul><br>Pay rate is $13.00/hour. We use national and industry-specific survey data to assist in determining compensation. Additionally, we consider factors such as external market rate, budget for the role, and the compensation rates of current employees performing the same function. Some roles will have variable pay.<br><br>This job description is not designed to contain a comprehensive listing of activities, duties, or responsibilities that are required. Nothing in this job description restricts management's right to assign or reassign duties and responsibilities at any time.<br><br>Anthology is an equal employment opportunity/affirmative action employer and considers qualified applicants for employment without regard to race, gender, age, color, religion, national origin, marital status, disability, sexual orientation, gender identity/expression, protected military/veteran status, or any other legally protected factor.<br><br></em>This position is available for candidates residing in the following states: AL, AR, FL, GA, IN, KY, LA, MO, MS, NC, NV, OH, OK, PA, SC, TN, TX, WI, WV</p>",Inbound and Outbound Enrollment Advisor,external,2024-11-02T00:37:34Z,inbound-and-outbound-enrollment-advisor,jobs,14804975,[{'name': 'Flexible / Remote'}],[{'name': 'Business Operations'}],"[{'name': 'Entry Level', 'short_name': 'entry'}]",[],{'landing_page': 'https://www.themuse.com/jobs/anthology/inbound-and-outbound-enrollment-advisor'},"{'id': 15000181, 'short_name': 'anthology', 'name': 'Anthology'}",Entry Level,15000181
"<p><b>Who are we?</b><br><br>Equinix is the world's digital infrastructure company®, shortening the path to connectivity to enable the innovations that enrich our work, life and planet.<br><br>A place where bold ideas are welcomed, human connection is valued, and everyone has the opportunity to shape their future.<br><br>A career at Equinix means being at the center of shaping what comes next and amplifying customer value through innovation and impact. You'll work across teams, influence key decisions, and help shape the path forward. You'll find belonging, purpose, and a team that welcomes you-because when you feel valued, you're empowered to do your best work.<br><br><b>Job Summary</b><br><br>Provides tier two(more complex) support on customer requests, inquiries, and/or questions through email, phone, or live chat<br><br><b>Responsibilities</b><br>Customer Support<br><br><ul><li>Provides tier two(more complex) support on customer requests, inquiries, and/or questions through email, phone, or live chat troubleshoot, document, escalate, and manage trouble resolution in the best interest of the customer and company</li><li>May also have involvement in escalation support at the tier 1 and 2 levels</li><li>Handles more complex issues and customers</li><li>May handle some specialized functions such as 1st level billing support, portal onboarding and simple GAM requests</li><li>May provide support in 1 or more languages</li><li>Works on tasks outside of the queue as assigned by management</li></ul><br>Process (Improvement/ Development/ Management/ Documentation)<br><br><ul><li>Consumers of process documentation</li><li>Identifies and recommends modifications to current process and procedures</li><li>May log incidents related to production bugs</li><li>May track to resolution and follow up on incident</li></ul><br>Business Systems<br><br><ul><li>Develops knowledge of and learns business systems (e.g., Siebel , CSC, ECP) within the GSD</li><li>Provides suggestions for improvement and helps with the coaching/development of GSD agents</li></ul><br>Training<br><br><ul><li>Assists with post training support of new hires</li><li>Provides side by side mentoring to peers and less senior agents</li></ul><br><b>Qualifications</b><br><br><ul><li>1+ years experience preferred</li><li>Bachelor's degree preferred</li></ul><br>Equinix is committed to ensuring that our employment process is open to all individuals, including those with a disability.  If you are a qualified candidate and need assistance or an accommodation, please let us know by completing this form.<br><br>Equinix is an Equal Employment Opportunity and, in the U.S., an Affirmative Action employer.  All qualified applicants will receive consideration for employment without regard to unlawful consideration of race, color, religion, creed, national or ethnic origin, ancestry, place of birth, citizenship, sex, pregnancy / childbirth or related medical conditions, sexual orientation, gender identity or expression, marital or domestic partnership status, age, veteran or military status, physical or mental disability, medical condition, genetic information, political / organizational affiliation, status as a victim or family member of a victim of crime or abuse, or any other status protected by applicable law.<br><br><b>We use artificial intelligence in our hiring process. Learn more </b><b>here</b><b>.</b></p>","Customer Support Agent (Mandarin Speaking, Open to New Grads)",external,2026-03-24T18:42:26Z,customer-support-agent-mandarin-speaking-open-to-new-grads-7c8063,jobs,21274735,"[{'name': 'Flexible / Remote'}, {'name': 'Manila, Philippines'}]",[],"[{'name': 'Entry Level', 'short_name': 'entry'}]",[],{'landing_page': 'https://www.themuse.com/jobs/equinixinc/customer-support-agent-mandarin-speaking-open-to-new-grads-7c8063'},"{'id': 15000222, 'short_name': 'equinixinc', 'name': 'Equinix, Inc'}",Entry Level,15000222
"<p><b><b><b><b>Job Description Summary</b></b></b></b><br><br><b><b>Job Description</b></b><br><br>GE Vernova (NYSE: GEV) Addressing the climate crisis is an urgent global priority and we take our responsibility seriously. That is our singular mission at GE Vernova: continuing to electrify the world while simultaneously working to help decarbonize it.<br><br>If we want our energy future to be different...we must be different.<br><br>Our mission is embedded in our name. We retain our treasured legacy, ""GE,"" in our name as an enduring and hard-earned badge of quality and ingenuity. ""Ver"" / ""verde"" signal Earth's verdant and lush ecosystems. ""Nova,"" from the Latin ""novus,"" nods to a new, innovative era of lower carbon energy that GE Vernova will help deliver.<br><br>Together, we have The Energy to Change the World. Learn more at <a href=""https://www.gevernova.com"" rel=""noopener noreferrer"">www.gevernova.com</a><br><br><b>Job Description Summary</b><br><br>The Technical Field Advisor (TFA) provides on-site technical direction to customer-owned utility and industrial power plants for their Steam Turbine Generator System(s). The TFA is responsible for reviewing plant engineering documents and P&amp;ID's, troubleshooting of plant systems and equipment, planning, organizing, integrating and direction of resources such as labor, tools and materials as required to complete the work scope according to contractual requirements. The primary responsibility of the TFA is to safely manage the maintenance and repair of the various equipment used in power generation applications. You may be assigned other duties to help proactively drive our Steam Power vision and align with our organization's core values.<br><br>This position is available remotely within the U.S. and expected to travel 80% annually. Travel will primarily be within the U.S. but may include international travel to Canada.<br><br>Continuous employment is dependent on successful completion of formal training provided by General Electric.<br><br>Candidates may receive offers of employment at varying levels of seniority based on the candidate's qualifications and relatable experience.<br><br><b>Your Role:</b><br><br><ul><li>Manage, perform, coordinate, and/or monitor Steam Power site activities.</li><li>Perform on-site installation of systems and equipment and ongoing preventive maintenance, repair, and calibration after installation.</li><li>Respond to requests for emergency repairs and services to troublesome equipment.</li><li>Provide technical instruction and assistance to customer representatives regarding installation, operation, calibration, repair, and maintenance at customer's sites.</li><li>Perform administrative functions such as: writing technical reports, ordering materials, securing quotations, preparing job status reports, reports to customers, time sheet and expense sheets on a complete timely, and thorough basis.</li><li>Signs off on all changes implemented.</li><li>Knowledge to troubleshoot and provide routine maintenance checkout for wide range of equipment vintage.</li><li>Prepare timely and accurate technical reports for customer records and a reference for future outages.</li><li>Ensure all parts needed for the job are shipped to the site.</li><li>Perform aftermarket upgrades that need to be performed at the site level.</li><li>Supervise critical tasks when these activities are performed by third parties (as measuring, dimensional checks, other considered by the management).</li></ul><br><b>Required Qualifications</b><br><br><ul><li>Bachelor's degree in STEM (Science, Technology, Engineering, Math) or related discipline from an accredited university with a 3.0 or higher GPA; or a High School Diploma / GED with 4+ years of experience in a Field Services or power generation equipment maintenance role.</li><li>Ability to obtain Unescorted Security Clearance to Nuclear Facilities across NAM</li></ul><br><b>Desired Qualifications</b><br><br><ul><li>Experience working on customer sites.</li><li>Technically oriented, fast-learner, self-starter (need people who need little direction, willing to do self-study, self-directed)</li><li>Solid understanding of Steam Turbine Operation and Controlling Parameters OR Steam Boiler Operational Principals</li><li>Strong technical skill in reading and interpreting electrical/mechanical flow and instrument diagrams dial and laser alignment and thermal growth equipment.</li><li>Employment is contingent upon acceptable results of your pre-employment background and drug screening (to be taken within 48 hours of your receipt of the test paperwork). You may receive specialized classroom and laboratory training to prepare you for your assignment. You will be expected to complete periodic training to meet competency requirements for the position. All training courses attended must be successfully completed as a minimum requirement for employment.</li></ul><br><b>About Us</b><br><br>For U.S. based candidates only, for purposes of complying with U.S. pay transparency requirements, the base pay for this position in <b>$75,000 USD Annually (role is OT eligible).</b><br><br>The specific pay offered may be influenced by a variety of factors, including the candidate's experience, education, and skill set.<br><br>This position will stay open on the career website until at least July 26, 2026.<br><br><b>Benefits Available to You:</b><br><br>GE employees rise to the challenge of building a world that works. In order to meet this mission, we provide varied, competitive benefits to help support our workforce: <a href=""https://jobs.gecareers.com/global/en/ge-career-benefits"" rel=""noopener noreferrer"">https://jobs.gecareers.com/global/en/ge-career-benefits</a><br><br><ul><li>Our <b>compensation &amp; benefits</b> are designed to help you manage your personal and family needs, while rewarding high performers. We offer a robust benefits package depending on your employment status and your national requirements.</li><li>A <b>healthy, balanced lifestyle</b> can mean different things to different people. We've created programs that support the way you live and work today.</li><li>GE invests to provide opportunities to <b>grow your career</b> by providing a path for continued on-the-job <b>learning and development</b>.</li></ul><br><b>Healthcare benefit</b>s include medical, dental, vision, and prescription drug coverage; access to a Health Coach, a 24/7 nurse-based resource; and access to the Employee Assistance Program, providing 24/7 confidential assessment, counseling, and referral services.<br><br><b>Retirement benefits </b>include the GE Retirement Savings Plan, a tax-advantaged 401(k) savings opportunity with company matching contributions and company retirement contributions, as well as access to Fidelity resources and planning consultants.<br><br><b>Other benefits</b> include tuition assistance, adoption assistance, paid parental leave, disability insurance, life insurance, and paid time-off for vacation or illness.<br><br>General Electric Company, Ropcor, Inc., their successors, and in some cases their affiliates, each sponsor certain employee benefit plans or programs (i.e., is a ""Sponsor""). Each Sponsor reserves the right to terminate, amend, suspend, replace, or modify its benefit plans and programs at any time and for any reason, in its sole discretion. No individual has a vested right to any benefit under a Sponsor's welfare benefit plan or program. This document does not create a contract of employment with any individual.<br><br><b><b><b><b>Additional Information</b></b></b></b><br><br>GE Vernova offers a great work environment, professional development, challenging careers, and competitive compensation. GE Vernova is an <a href=""https://www.eeoc.gov/sites/default/files/2022-10/22-088_EEOC_KnowYourRights_10_20.pdf"" rel=""noopener noreferrer"">Equal Opportunity Employer</a><a href=""http://www.ge.com/sites/default/files/15-000845%20EEO%20combined.pdf"" rel=""noopener noreferrer"">.</a> Employment decisions are made without regard to race, color, religion, national or ethnic origin, sex, sexual orientation, gender identity or expression, age, disability, protected veteran status or other characteristics protected by law.<br><br>GE Vernova will only employ those who are legally authorized to work in the United States for this opening. Any offer of employment is conditioned upon the successful completion of a drug screen (as applicable).<br><br><b>Relocation Assistance Provided: </b>No<br><br>#LI-Remote  -  This is a remote position<br><br>Application Deadline: July 27, 2026<br><br>For candidates applying to a U.S. based position only:<br><br>*The Company pays a geographic differential of 110%, 120% or 130% of salary in certain areas.<br><br>This posting is expected to remain open for at least seven days after it was posted on April 16, 2026.<br><br>Healthcare benefits include medical, dental, vision, and prescription drug coverage; access to Health Coach from GE Vernova, a 24/7 nurse-based resource; and access to the Employee Assistance Program, providing 24/7 confidential assessment, counseling and referral services. Retirement benefits include the GE Vernova Retirement Savings Plan, a tax-advantaged 401(k) savings opportunity with company matching contributions and company retirement contributions, as well as access to Fidelity resources and financial planning consultants. Other benefits include tuition assistance, adoption assistance, paid parental leave, disability benefits, life insurance and 12 paid holidays. New hires also receive 40 hours of personal business time, 160 hours of personal illness and caregiving time (subject to state law), and two weeks of annual vacation (which may be pro-rated based on start date).<br><br>GE Vernova Inc. or its affiliates (collectively or individually, ""GE Vernova"") sponsor certain employee benefit plans or programs GE Vernova reserves the right to terminate, amend, suspend, replace, or modify its benefit plans and programs at any time and for any reason, in its sole discretion. No individual has a vested right to any benefit under a GE Vernova welfare benefit plan or program. This document does not create a contract of employment with any individual.</p>",Entry Level Technical Field Advisor,external,2026-04-17T18:31:28Z,entry-level-technical-field-advisor-44b59c,jobs,21589123,"[{'name': 'Boston, MA'}, {'name': 'Flexible / Remote'}]",[{'name': 'Unknown'}],"[{'name': 'Entry Level', 'short_name': 'entry'}]",[],{'landing_page': 'https://www.themuse.com/jobs/gevernova/entry-level-technical-field-advisor-44b59c'},"{'id': 15000121, 'short_name': 'gevernova', 'name': 'GE Vernova'}",Entry Level,15000121
"<p>To get the best candidate experience, please consider applying for a maximum of 3 roles within 12 months to ensure you are not duplicating efforts.<br><br>Job Category<br>Customer Success<br><br>Job Details<br><br><b><b>About Salesforce</b></b><br><br>Salesforce is the #1 AI CRM, where humans with agents drive customer success together. Here, ambition meets action. Tech meets trust. And innovation isn't a buzzword - it's a way of life. The world of work as we know it is changing and we're looking for Trailblazers who are passionate about bettering business and the world through AI, driving innovation, and keeping Salesforce's core values at the heart of it all.<br><br>Ready to level-up your career at the company leading workforce transformation in the agentic era? You're in the right place! Agentforce is the future of AI, and you are the future of Salesforce.<br><br>※本職種は障害者手帳をお持ちの方を対象としています。<br><br><b><b>職務内容</b></b><br><br>本ポジションはサポートエンジニアとしてお客様が直面している課題の最初の窓口となり、お客様を成功に導く専門家です。高い技術力と迅速、丁寧、的確なサポートサービスを提供し、顧客満足度を最大化することで、Salesforceの成長に貢献することをミッションとしています。<br><br>職責には以下が含まれますが、これらに限定されるものではありません。<br><br><ul><li>セールスフォース製品における標準機能および、お客様のカスタマイズ項目のトラブルシューティングの支援</li><li>担当分野の製品機能における技術的専門性の確立および保持</li><li>卓越した分析、トラブルシューティング、および問題解決の専門知識の提示</li><li>お客様期待値および顧客体験の管理による顧客満足度の最大化</li><li>業務に関連するトレーニングへの積極的かつ継続的な参加</li><li>必要に応じて社内ツールやエスカレーションチームを活用しお客様の課題を効果的に調査• 記録• 優先度付けする能力、ならびに速度の速い環境下での効果的な時間管理能力の提示</li><li>プレッシャーのかかる状況下でのマルチタスクと効率的な業務遂行</li><li>ナレッジ文書の作成と管理</li></ul><br><b><br><b>必須要件</b></b><br><br><ul><li>コンピューターサイエンスまたは同等の経験の学士号</li><li>テクニカルサポートまたはサービス関連での職種、テクニカルアカウントマネージメントにおける3〜5年以上の経験</li><li>インターネットテクノロジーの理解：ファイアウォール、ウェブサーバー、プロキシサーバーなど</li><li>システム連携技術の知識：コンピュータテレフォニー統合、データクレンジング/重複除外、データ複製、Salesforceオブジェクト間のトランザクションデータ</li><li>データベースの概念とデータ管理（RDBMS）およびSQLの知識</li><li>オブジェクト指向設計とコアプログラミング概念の知識</li><li>XMLの知識、サーバー間Webサービス（SOAP）の使用経験があれば尚可</li><li>フロントエンドWeb層（JavaScript、AJAX、HTML、DHTML、CSS、およびクロスブラウザー開発）とバックエンド（Java、.Net、SQL）ソフトウェア開発の双方の知識</li></ul><br><b><b>推奨要件</b></b><br><br><ul><li>Salesforce CRMおよびそのテクノロジーの経験</li><li>SaaSサポートの業務経験</li><li>Certified Salesforce Administrator (ADMIN201)</li><li>Certified Application Builder (APP BUILDER)</li><li>Certified Salesforce Developer (DEV401)</li><li>Certified Salesforce Developer (DEV501)</li></ul><br>選考にあたって合理的配慮が必要な方はこちらのEmailアドレス宛にお知らせください。 pwd@salesforce.com<br><br>Unleash Your Potential<br><br>When you join Salesforce, you'll be limitless in all areas of your life. Our benefits and resources support you to find balance and be your best, and our AI agents accelerate your impact so you can do your best. Together, we'll bring the power of Agentforce to organizations of all sizes and deliver amazing experiences that customers love. Apply today to not only shape the future - but to redefine what's possible - for yourself, for AI, and the world.<br><br>Accommodations<br><br>If you require assistance due to a disability applying for open positions please submit a request via this <a href=""https://careers.mail.salesforce.com/accommodations-request-form"" rel=""noopener noreferrer"">Accommodations Request Form</a>.<br><br>Posting Statement<br><br>Salesforce is an equal opportunity employer and maintains a policy of non-discrimination with all employees and applicants for employment. What does that mean exactly? It means that at Salesforce, we believe in equality for all. And we believe we can lead the path to equality in part by creating a workplace that's inclusive, and free from discrimination. <a href=""https://www.eeoc.gov/know-your-rights-workplace-discrimination-illegal"" rel=""noopener noreferrer"">Know your rights: workplace discrimination is illegal.</a> Any employee or potential employee will be assessed on the basis of merit, competence and qualifications - without regard to race, religion, color, national origin, sex, sexual orientation, gender expression or identity, transgender status, age, disability, veteran or marital status, political viewpoint, or other classifications protected by law. This policy applies to current and prospective employees, no matter where they are in their Salesforce employment journey. It also applies to recruiting, hiring, job assignment, compensation, promotion, benefits, training, assessment of job performance, discipline, termination, and everything in between. Recruiting, hiring, and promotion decisions at Salesforce are fair and based on merit. The same goes for compensation, benefits, promotions, transfers, reduction in workforce, recall, training, and education.</p>",Junior Technical Support Engineer【障害者採用】,external,2025-12-22T20:06:45Z,junior-technical-support-engineer-8f72a3,jobs,20981274,[{'name': 'Flexible / Remote'}],[],"[{'name': 'Entry Level', 'short_name': 'entry'}]",[],{'landing_page': 'https://www.themuse.com/jobs/salesforce/junior-technical-support-engineer-8f72a3'},"{'id': 12146, 'short_name': 'salesforce', 'name': 'Salesforce'}",Entry Level,12146
"<p>About Us<br>
The Muse is the go-to destination for the next-generation workforce to research companies and careers. Every year, tens of millions of professionals turn to our platform to find trusted guidance on career growth, skills development, and job opportunities.<br>
We believe that great ideas can come from anywhere. That’s why we foster a collaborative, inclusive environment where diverse perspectives and experiences drive innovation. Our team is passionate about helping people win at work — and it’s this shared mission, along with our dynamic mix of voices and ideas, that makes The Muse such an exciting place to grow your career.</p>
<p>Position Overview<br>
Are you creative, analytical, and excited about helping brands grow? We’re looking for a driven and curious Marketing Specialist to join our remote team!<br>
In this role, you’ll plan, execute, and optimize  marketing initiatives for clients across various industries. You’ll collaborate with cross-functional teams to develop strategies that strengthen brand presence, generate leads, and drive measurable business results.</p>
<p>What you will do:<br>
•   Assist in planning and executing marketing campaigns across digital and traditional channels<br>
•   Collaborate with teams to develop strategies that drive engagement and results<br>
•   Monitor, analyze, and report on campaign performance<br>
•   Support content creation, social media management, and other marketing initiatives</p>
<p>What we are looking for:<br>
•   Degree (or pursuing) in Marketing or related field.<br>
•   Creative mindset with strong analytical and problem-solving skills<br>
•   Good communication and collaboration abilities<br>
•   Eagerness to learn and grow in a fast-paced marketing environment<br>
•   Comfortable working independently in a remote, collaborative team<br>
•   Passion for marketing and curiosity about industry trends</p>
<p>Why you will love it here:<br>
•   100% remote and flexible work setup<br>
•   Hands-on experience across multiple marketing channels and client portfolios<br>
•   Supportive, collaborative team culture focused on growth and learning<br>
•   Opportunity to develop both creative and analytical marketing skills</p>
<p>Application Process<br>
Interested candidates should apply directly through the platform. Qualified applicants may be considered for multiple client opportunities based on their skills, experience, and interests.</p>",Marketing Associate – Remote,external,2026-01-07T12:54:20Z,marketing-associate-remote,jobs,21039849,[{'name': 'Flexible / Remote'}],[{'name': 'Advertising and Marketing'}],"[{'name': 'Entry Level', 'short_name': 'entry'}, {'name': 'Mid Level', 'short_name': 'mid'}]",[],{'landing_page': 'https://www.themuse.com/jobs/themuse/marketing-associate-remote'},"{'id': 1327, 'short_name': 'themuse', 'name': 'The Muse'}",Entry Level,1327
"<p><b>Customer Service Advisor  </b> <br><br><b>Remote - US  </b><br><br><b>The Opportunity:  </b> <br><br>Anthology offers the largest EdTech ecosystem on a global scale, supporting over 150 million users in 80 countries. Our mission is to provide dynamic, data-informed experiences to the global education community so that learners and educators can achieve their goals.<br><br>We believe in the power of a truly diverse and inclusive workforce. As we expand globally, we are committed to making diversity, inclusion, and belonging a foundational part of not only our hiring practices but who we are as a company.<br><br>For more information about Anthology and our career opportunities, please visit www.anthology.com.<br><br>Student Success brings virtualized support and technology enabled solutions to the world''s most progressive institutions. We provide IT Help Desk and comprehensive Student Lifecycle Management services that improve student engagement and accelerate learning. Our platform gives institutions an efficient, financially sustainable way to deliver services through the enrollment and learning process. Our goal is to build a better educational experience for everyone by extending institutional resources to meet the growing demands of learners.<br><br>We are looking for talented Customer Service Advisors to join our team.  Advisors work in a dynamic, fast-paced environment and spend their time interfacing with students, faculty and staff of Higher Education and K-12 institutions. Utilizing multiple technologies, advisors identify, diagnose, and resolve issues reported by end users.<br><br>Student Success offers remote, work from home opportunities with immediate availability and schedules that offer flexibility.<br><br>Position responsibilities:<br><br><ul><li>Demonstrating empathy, patience, and soft skills during phone calls </li><li>Managing and resolving identified client issues for assigned customer accounts </li><li>Documenting information into web-based ticketing system </li><li>Searching and navigating knowledge base and integrated customer information systems to identify appropriate resolution for client issues </li><li>Escalating unique issues or inaccurate information contained in knowledge base to the immediate supervisor for resolution </li><li>Projecting favorable image of the company to promote its objectives and goals that enhance client relationships </li><li>Following specified call flow to maximize effectiveness and efficiency </li><li>Adapting to dynamic call center environment with variance in daily break times </li><li>Working in adherence to assigned shift, which could include weekends and holidays  </li><li>Participating in internal training programs to expand knowledge and support multiple clients </li><li>Providing delightful, efficient, and accurate resolution to customer inquiries </li><li>Handling multiple job tasks at one time and escalating issues in a timely manner </li></ul><br><b>The Candidate: </b> <br><br>Required skills/qualifications:<br><br><ul><li>High School diploma or equivalent combination of education and experience </li><li>Must be at least 18 years old  </li><li>A stable history of employment  </li><li>You must have a quiet, distraction-free work environment without any conflicting responsibilities during your scheduled work shift </li><li>Experience using internet-based browsers such as Chrome, Firefox, Safari </li><li>Strong computer knowledge, including the ability to accurately type at least 25 wpm </li><li>Ability to take inbound (voice) phone calls in a conversation-heavy environment </li><li>Excellent oral and written communication skills </li><li>Proficiency in MS Office computer applications, including Word and Excel and willingness to learn new technology systems </li><li>Experience using a laptop or desktop computer, including multiple applications, windows, and monitors </li><li>Familiarity with education-related technologies </li><li>Excellent critical thinking and problem-solving skills </li><li>Analytical orientation with strong attention to detail </li><li>Full professional proficiency in written and spoken English (equivalent to CEF B2 level or above) </li><li>Willing to accept a temporary assignment </li><li>Must reside within an approved state<em> </li></ul><ul><li>Must be able to work from home with the following internet requirements: High-speed Internet Connection (Cable, Fiber, DSL) <ul><li>Mobile Broadband is not supported, this is satellite, wireless/cellular hotspot service, and point to point internet service</li><li>40 Mbps Download </li><li>15 Mbps Upload </li><li>100ms Ping or less </li><li>Jitter: 40 MS or less </li><li>Hardwired Connection <ul><li>Wired connection from the modem/router to the device, no splits/gaps or usage of Wi-Fi bridges </li></ul></li></ul></li></ul><br>Preferred skills:<br><br><ul><li>Some level of college completed </li><li>1 or more years of customer service or contact center experience  </li><li>Previous experience in the education industry and e-learning technologies  </li></ul><br>Pay rate is $12.00/hour. We use national and industry-specific survey data to assist in determining compensation. Additionally, we consider factors such as external market rate, budget for the role, and the compensation rates of current employees performing the same function. Some roles will have variable pay.<br><br>This job description is not designed to contain a comprehensive listing of activities, duties, or responsibilities that are required. Nothing in this job description restricts management's right to assign or reassign duties and responsibilities at any time.<br><br>Anthology is an equal employment opportunity/affirmative action employer and considers qualified applicants for employment without regard to race, gender, age, color, religion, national origin, marital status, disability, sexual orientation, gender identity/expression, protected military/veteran status, or any other legally protected factor.<br><br></em>This position is available for candidates residing in the following states: AL, AR, GA, IN, KY, LA, MO, MS, NC,  NV, OH, OK, PA, SC, TN, TX, WI, WV</p>",Customer Service Advisor,external,2024-11-01T23:55:32Z,customer-service-advisor-cd6da7,jobs,14119340,"[{'name': 'Flexible / Remote'}, {'name': 'Greenville, SC'}]",[{'name': 'Customer Service'}],"[{'name': 'Entry Level', 'short_name': 'entry'}]",[],{'landing_page': 'https://www.themuse.com/jobs/anthology/customer-service-advisor-cd6da7'},"{'id': 15000181, 'short_name': 'anthology', 'name': 'Anthology'}",Entry Level,15000181
"<p>About Us<br>
The Muse is the go-to destination for the next-generation workforce to research companies and careers. Every year, tens of millions of professionals turn to our platform to find trusted guidance on career growth, skills development, and job opportunities.<br>
We believe that great ideas can come from anywhere. That’s why we foster a collaborative, inclusive environment where diverse perspectives and experiences drive innovation. Our team is passionate about helping people win at work — and it’s this shared mission, along with our dynamic mix of voices and ideas, that makes The Muse such an exciting place to grow your career.</p>
<p>Position Overview<br>
Are you curious, analytical, and excited to help businesses make smarter decisions? We’re looking for a detail-oriented and proactive Junior Business Analyst to join our remote team!<br>
In this role, you’ll work closely with stakeholders to gather requirements, analyze processes, and deliver insights that drive data-informed decisions. You’ll collaborate across departments to identify opportunities for improvement, propose solutions, and help align business goals with technical capabilities.<br>
This is a fantastic opportunity for someone early in their career to gain hands-on experience, develop critical analytical skills, and work on projects across diverse industries—all within a dynamic remote environment.</p>
<p>What you will do:<br>
•   Gather and document business requirements from stakeholders<br>
•   Analyze processes and workflows to identify opportunities for improvement<br>
•   Assist in defining solutions and supporting project implementation<br>
•   Collaborate with cross-functional teams to ensure alignment between business and technical objectives<br>
•   Support reporting, documentation, and data-driven insights for decision-making</p>
<p>What we are looking for:<br>
•   Degree (or pursuing) in Business, Data, or related field.<br>
•   Strong analytical and problem-solving skills<br>
•   Detail-oriented with excellent organizational abilities<br>
•   Good communication skills and ability to work with stakeholders<br>
•   Comfortable working independently in a remote environment</p>
<p>Why you will love it here:<br>
•   100% remote and flexible work setup<br>
•   Exposure to projects across multiple industries<br>
•   Hands-on experience in process analysis, strategic planning, and documentation<br>
•   Supportive team culture focused on learning and professional growth</p>
<p>If you’re ready to start your career in business analysis, help shape smart business decisions, and grow your skills across industries — we’d love to have you on the team!</p>
<p>Application Process<br>
Interested candidates should apply directly through the platform. Qualified applicants may be considered for multiple client opportunities based on their skills, experience, and interests.</p>",Junior Business Analyst,external,2025-11-27T15:45:42Z,junior-business-analyst,jobs,20786075,[{'name': 'Flexible / Remote'}],[],"[{'name': 'Entry Level', 'short_name': 'entry'}]",[],{'landing_page': 'https://www.themuse.com/jobs/themuse/junior-business-analyst'},"{'id': 1327, 'short_name': 'themuse', 'name': 'The Muse'}",Entry Level,1327
"<p><b>Overview</b><br><br>As we continue to build our team in support of our vision to the be the world's best and most trusted mobility company, Enterprise Fleet Management, a business line of Enterprise Mobility, is excited to announce the opening of an Accounts Payable Coordinator!<br><br>This position is responsible for processing payment for invoices and assisting with associated accounting and invoice research. The ideal candidate will possess excellent customer service, be detailed oriented, and have organizational, communication, and follow-up skills. This candidate will also possess the ability to work in a fast paced TEAM environment while meeting deadlines.<br><br>The pay range for this position is $18.99 per hour. Pay will be determined based on numerous factors including, but not limited to, relevant education, qualifications, experience, skills, performance, time in position, and business or organizational needs.<br><br>Enterprise Fleet Management also offers a benefits package including paid vacation and choice time days; medical, dental, and vision insurance benefits; dependent spending account, health savings account, life and disability insurance; fertility benefits, Employee Assistance Programs; profit sharing, 401(k) employer match, discounts and more!<br><br>This is a 100% remote, work from home position. Candidates must currently reside in the Greater St. Louis Metropolitan (MO/IL) area.<br><br>This position is full time and requires normal business working hours of Monday through Friday 8 a.m. to 5 p.m. CST.<br><br><strong>Company Overview </strong><br><br>Enterprise Fleet Management is a privately held, full-service fleet management business for companies, government agencies and organizations with medium-sized fleets. With more than 50 fully staffed offices nationwide, our team of experts can assemble a customized or full-service fleet management program that is just right for each business. With a North American fleet of 750,000 vehicles and growing at 6 percent, the opportunity with Enterprise Fleet Management is tremendous. Our business continues to thrive, and we remain committed to the investment in and the development of our people.  We do the right thing by our customers and employees every time and in every situation. Not only is that great for business (as seen in our global growth and success) it's also great for employees. Our operations center is located at 2281 Ball Dr. St. Louis, MO 63146.<br><br><b>Responsibilities</b><br><br><ul><li>Track and match incoming invoices to the purchase orders</li><li>Process matched invoices for payment</li><li>Research and correct invoice discrepancies</li><li>Respond to payment inquiries from internal group personnel or external vendors </li><li>Work vendor statements and open items</li><li>Process vendor refunds</li><li>Seek to improve job performance through self-assessment, skill development, training and goal setting </li><li>Maintain a regular and reliable level of attendance and punctuality </li><li>Perform miscellaneous job-related duties as assigned </li></ul><br>Equal Opportunity Employer/Disability/Veterans<br><br><b>Qualifications</b><br><br><strong>Minimum Qualifications Include:</strong><br><br><ul><li>Must be 18 years of age or older</li><li>Must live in the Greater St. Louis Metropolitan (MO/IL) area</li><li>Prior accounting and/or AP experience preferred</li><li>Bachelor's degree or currently pursuing in Accounting or Finance preferred</li><li>Minimum 1 year customer service experience</li><li>Minimum 1 year administrative experience</li><li>Intermediate PC knowledge with experience in Excel and Word</li><li>Must have the ability to meet all work from home technical requirements </li><li>Must be authorized to work in the United States and not require work authorization sponsorship by our company for this position now or in the future</li></ul><br><strong>Competency Based Qualifications:</strong><br><br><ul><li>Executing</li><li>Working With a Team</li><li>Customer Service</li><li>Communication</li><li>Flexibility</li></ul><br><strong>Work from Home (WFH) Requirements:</strong><br><br><ul><li>Terrestrial cable or fiber internet connections are strongly preferred.  Satellite internet connections are not supported </li><li>High-speed Internet connection with a minimum validated upload speed of 5Mb and download speed of 25Mb is required.  Connection latency must be less than 100ms.  (Please validate using a speed test tool such as http://www.speedtest.net/) </li></ul></p>",Accounts Payable Coordinator,external,2025-10-11T19:57:10Z,accounts-payable-coordinator-f43574,jobs,20389845,"[{'name': 'Flexible / Remote'}, {'name': 'St. Louis, MO'}]",[],"[{'name': 'Entry Level', 'short_name': 'entry'}]","[{'name': 'Fortune 1000', 'short_name': 'fortune-1000-companies'}]",{'landing_page': 'https://www.themuse.com/jobs/enterprisemobility/accounts-payable-coordinator-f43574'},"{'id': 1211, 'short_name': 'enterprisemobility', 'name': 'Enterprise Mobility'}",Entry Level,1211
"<p>About Us<br>
The Muse is the go-to destination for the next-generation workforce to research companies and careers. Every year, tens of millions of professionals turn to our platform to find trusted guidance on career growth, skills development, and job opportunities.<br>
We believe that great ideas can come from anywhere. That’s why we foster a collaborative, inclusive environment where diverse perspectives and experiences drive innovation. Our team is passionate about helping people win at work — and it’s this shared mission, along with our dynamic mix of voices and ideas, that makes The Muse such an exciting place to grow your career.</p>
<p>Position Overview<br>
Are you passionate about artificial intelligence and excited to turn innovative ideas into real-world solutions? We’re looking for a curious, creative, and driven AI Engineer Intern to join our remote team!<br>
In this role, you’ll design, develop, and deploy AI and machine learning solutions that tackle real business challenges. You’ll work alongside experienced engineers, data scientists, and developers to build scalable, efficient, and impactful AI-driven applications. Plus, you’ll receive mentorship from a Senior AI Engineer to help accelerate your growth and technical expertise.</p>
<p>This is an incredible opportunity for someone eager to dive into the world of AI, gain hands-on experience with modern tools and frameworks, and make a real impact across industries—all within a dynamic and collaborative environment.</p>
<p>What you will do:<br>
•   Assist in designing, developing, and deploying AI/ML models and applications<br>
•   Collaborate with data scientists, software engineers, and product teams on AI solutions<br>
•   Analyze data, test algorithms, and optimize performance for scalability and efficiency<br>
•   Stay up-to-date with the latest trends in AI, machine learning, and automation<br>
•   Contribute to documentation, testing, and continuous improvement of AI systems</p>
<p>What we are looking for:<br>
•   Degree (or pursuing) in Computer Science, AI, Informatics or related field.<br>
•   Strong foundation in programming (Python preferred) and machine learning concepts<br>
•   Familiarity with AI/ML frameworks (TensorFlow, PyTorch, Scikit-learn, etc.)<br>
•   Analytical mindset with great problem-solving skills<br>
•   Eagerness to learn from experienced mentors and explore new technologies<br>
•   Self-motivated and comfortable working in a remote, collaborative environment</p>
<p>Why you will love it here:<br>
•   100% remote and flexible work setup<br>
•   Direct mentorship from Senior AI Engineers<br>
•   Hands-on experience with cutting-edge AI projects across industries<br>
•   A supportive, innovative environment that encourages learning and experimentation</p>
<p>If you’re ready to start your journey in AI, work with modern technologies, and grow alongside an experienced team — we’d love to meet you!<br>
Application Process</p>
<p>Interested candidates should apply directly through the platform. Qualified applicants may be considered for multiple client opportunities based on their skills, experience, and interests.</p>",AI Engineer – Remote Internship,external,2026-03-10T12:23:00Z,ai-engineer-remote-internship,jobs,21390441,[{'name': 'Flexible / Remote'}],[],"[{'name': 'Entry Level', 'short_name': 'entry'}, {'name': 'Internship', 'short_name': 'internship'}]",[],{'landing_page': 'https://www.themuse.com/jobs/themuse/ai-engineer-remote-internship'},"{'id': 1327, 'short_name': 'themuse', 'name': 'The Muse'}",Entry Level,1327
"<p><b>Overview</b><br><br>As we continue to build our team in support of our vision to the be the world's best and most trusted mobility company, Enterprise Fleet Management, an business line of Enterprise Mobility, is excited to announce the opening of a Vehicle Acquisition Representative!<br><br>The Vehicle Acquisition Representative will primarily be responsible for the administrative support for the teams coordinating aftermarket equipment (AME) for our vehicles. In this role, you will be responsible for a variety of administrative and clerical duties that may include requesting, collecting and processing documents and electronic files needed to prepare and submit for the purchase and installation of aftermarket equipment. This person will work closely with vendor partners to perform various AME status follow up duties via telephone, mail, web sites, and e-mail to ensure efficient AME coordination as well. This position offers a unique opportunity to provide career development within Enterprise's promote from within culture!<br><br>The pay range for this position is $16.51 - $19.40 per hour. Pay within the range will be determined based on numerous factors including, but not limited to, relevant education, qualifications, experience, skills, performance, time in position and business or organizational needs.<br><br>This position is full time and requires normal business working hours of Monday through Friday, 8 am to 5 pm. This is a work from home position that will allow you to work 100% from your home residence in the New Orleans Metropolitan area or surrounding LA counties.<br><br>Enterprise Fleet Management also offers a benefits package including paid vacation and choice time days; medical, dental, and vision insurance benefits; dependent spending account, health savings account, life and disability insurance; fertility benefits, Employee Assistance Programs; profit sharing, 401(k) employer match, discounts and more!<br><br><strong>Company Overview </strong><br><br>Enterprise Fleet Management is a privately held, full-service fleet management business for companies, government agencies and organizations with medium-sized fleets. With more than 50 fully staffed offices nationwide, our team of experts can assemble a customized or full-service fleet management program that is just right for each business. With a North American fleet of 730,000 vehicles and growing at almost 7 percent, the opportunity with Enterprise Fleet Management is tremendous. Our business continues to thrive, and we remain committed to the investment in and the development of our people.  We do the right thing by our customers and employees every time and in every situation. Not only is that great for business (as seen in our global growth and success) it's also great for employees.<br><br><b>Responsibilities</b><br><br><strong>Responsibilities include:</strong><br><br><ul><li>Deliver a consistent high level of customer service to internal and external customers while developing and maintaining strong relationships.</li><li>Serve as the primary point of contact for AME vendors for purchase orders and status</li><li>Follow up with aftermarket equipment vendors when vehicles hit shipped status to notify them of vehicles arriving at their facility</li><li>Escalate and communicate delays with aftermarket equipment or unresponsive vendors accordingly</li><li>Update status in EDGE for aftermarket equipment based on spreadsheets received from vendors</li></ul><br>Equal Opportunity Employer/Disability/Veterans    #LI-REMOTE<br><br><b>Qualifications</b><br><br><strong>Minimum Qualifications include:</strong><br><br><ul><li>Must be 18 years of age or older</li><li>Must have a Bachelor's Degree with 1 year of administrative support and customer service experience <strong>OR</strong></li><li>Must have a H.S. Diploma/GED with 3 years of administrative support and 2 years of customer service experience</li><li>Must live in the New Orleans Metropolitan area or surrounding LA counties</li><li>Must have relevant PC/Computer experience plus a working knowledge of multiple Microsoft programs including Excel and Outlook</li><li>Must be willing to accept $16.51 - $19.40 per hour</li><li>Must have the ability to meet all work from home technical requirements</li><li>Must be authorized to work in the United States and not require work authorization by our company for this position now or in the future</li></ul><br><strong>Work from Home Requirements:</strong><br><br><ul><li>Must have reliable and consistent high-speed internet access provided by a terrestrial cable or fiber provider (no DSL or satellite)</li><li>High-speed Internet connection with a minimum validated upload speed of 5Mb and download speed of 25Mb is required.  Connection latency must be less than 100ms.  (Please validate using a speed test tool such as http://www.speedtest.net/)  </li></ul><br><strong>Competency Based Qualifications:</strong><br><br><ul><li>Executing</li><li>Customer Service</li><li>Detail-Oriented</li><li>Analyzing</li><li>Communication</li><li>Flexibility</li></ul></p>",Vehicle Acquisition Representative,external,2025-03-15T12:52:24Z,vehicle-acquisition-representative,jobs,18216834,"[{'name': 'Flexible / Remote'}, {'name': 'New Orleans, LA'}]",[],"[{'name': 'Entry Level', 'short_name': 'entry'}]","[{'name': 'Fortune 1000', 'short_name': 'fortune-1000-companies'}]",{'landing_page': 'https://www.themuse.com/jobs/enterprisemobility/vehicle-acquisition-representative'},"{'id': 1211, 'short_name': 'enterprisemobility', 'name': 'Enterprise Mobility'}",Entry Level,1211
"<p>We are looking for an energetic Business Development Associate to help drive our sales and grow the business. You will attract new customers and build solid relationships with them while maintaining existing relationships. Other duties will include market research, developing business strategies and pitches, managing a variety of projects, and identifying new business opportunities. You will work directly with the CEO. </p>
<p>The successful applicant will be resourceful, organized and motivated to increase sales, enhance the company's reputation, and look for new and creative ways to market our products. A background in sales or marketing is strongly desirable.</p>
<p>Responsibilities:<br/>
-Willing to familiarize yourself with the company's vision and mission, seeking to accomplish set goals and objectives.<br/>
-Conducting market research and identifying potential customers.<br/>
-Cultivating strong relationships with new customers, while maintaining existing customer relationships.<br/>
-Collating and maintaining customer information in the CRM database.<br/>
-Working closely with staff across teams to implement growth strategies.<br/>
-Developing and implementing sales strategies, customer service and retention plans, and analyzing sales data to inform or update marketing strategies.<br/>
-Assist with drafting business plans, sales pitches, presentations, reference material, and other documents as required.<br/>
-Ability to manage multiple projects concurrently and meet deadlines.<br/>
-Identify new business opportunities and partners.<br/>
-Demonstrate strong interpersonal skills with the ability to engage effectively with various levels of management, staff, and clients.</p>
<p>Requirements:<br/>
-Bachelor's Degree in Business Management, Marketing, or related field.<br/>
-1 - 2 years' relevant work experience in business development or similar field preferred.<br/>
-Excellent written and verbal communication skills.<br/>
-Ability to handle multiple projects simultaneously and work under pressure.<br/>
-Strong organization and project management skills.<br/>
-Friendly and personable demeanor.<br/>
-Proficient in Microsoft Office and relevant software.</p>
<p>*Contract-to-hire opportunities available.</p>",Business Development Associate,native,2021-05-14T13:02:55Z,business-development-associate,jobs,5763882,[{'name': 'Flexible / Remote'}],"[{'name': 'Project Management'}, {'name': 'Sales'}]","[{'name': 'Entry Level', 'short_name': 'entry'}, {'name': 'Mid Level', 'short_name': 'mid'}, {'name': 'Senior Level', 'short_name': 'senior'}, {'name': 'management', 'short_name': 'management'}]",[],{'landing_page': 'https://www.themuse.com/jobs/stimulusinc/business-development-associate'},"{'id': 12276, 'short_name': 'stimulusinc', 'name': 'Stimulus, Inc.'}",Entry Level,12276
"<p><b><b><b><b>Job Description Summary</b></b></b></b><br><br>GE Vernova (NYSE: GEV) Addressing the climate crisis is an urgent global priority and we take our responsibility seriously. That is our singular mission at GE Vernova: continuing to electrify the world while simultaneously working to help decarbonize it.<br><br>If we want our energy future to be different...we must be different.<br><br>Our mission is embedded in our name. We retain our treasured legacy, ""GE,"" in our name as an enduring and hard-earned badge of quality and ingenuity. ""Ver"" / ""verde"" signal Earth's verdant and lush ecosystems. ""Nova,"" from the Latin ""novus,"" nods to a new, innovative era of lower carbon energy that GE Vernova will help deliver.<br><br>Together, we have The Energy to Change the World. Learn more at www.gevernova.com<br><br>The Technical Field Advisor (TFA) provides on-site technical direction to customer-owned utility and industrial power plants for their Steam Turbine Generator System(s). The TFA is responsible for reviewing plant engineering documents and P&amp;ID's, troubleshooting of plant systems and equipment, planning, organizing, integrating and direction of resources such as labor, tools and materials as required to complete the work scope according to contractual requirements. The primary responsibility of the TFA is to safely manage the maintenance and repair of the various equipment used in power generation applications. You may be assigned other duties to help proactively drive our Steam Power vision and align with our organization's core values.<br><br>This position is available remotely within the U.S. and expected to travel 80% annually. Travel will primarily be within the U.S. and Canada but may include international travel.<br><br>Continuous employment is dependent on successful completion of formal training provided by General Electric. <br><br>Candidates may receive offers of employment at varying levels of seniority based on the candidate's qualifications and relatable experience.<br><br><b><b>Job Description</b></b><br><br><b>Your Role:</b><br><br><ul><li>Manage, perform, coordinate, and/or monitor Steam Power site activities.</li><li>Perform on-site installation of systems and equipment and ongoing preventive maintenance, repair, and calibration after installation.</li><li>Respond to requests for emergency repairs and services to troublesome equipment.</li><li>Provide technical instruction and assistance to customer representatives regarding installation, operation, calibration, repair, and maintenance at customer's sites.</li><li>Perform administrative functions such as: writing technical reports, ordering materials, securing quotations, preparing job status reports, reports to customers, time sheet and expense sheets on a complete timely, and thorough basis.</li><li>Signs off on all changes implemented.</li><li>Knowledge to troubleshoot and provide routine maintenance checkout for wide range of equipment vintage.</li><li>Prepare timely and accurate technical reports for customer records and a reference for future outages.</li><li>Ensure all parts needed for the job are shipped to the site.</li><li>Perform aftermarket upgrades that need to be performed at the site level.</li><li>Supervise critical tasks when these activities are performed by third parties (as measuring, dimensional checks, other considered by the management).</li></ul><br><b>Required Qualifications</b><br><br><ul><li>Bachelor's degree in Mechanical Engineering or related discipline from an accredited university with a 3.0 or higher GPA; or a High School Diploma / GED with 4+ years of experience in a Field Services or power generation equipment maintenance role.</li><li>Ability and willingness to travel up to 80% of the time.</li></ul><br><b>Desired Qualifications</b><br><br><ul><li>Experience working on customer sites.</li><li>Technically oriented, fast-learner, self-starter (need people who need little direction, willing to do self-study, self-directed)</li><li>Solid understanding of Steam Turbine Operation and Controlling Parameters OR Steam Boiler Operational Principals</li><li>Strong technical skill in reading and interpreting electrical/mechanical flow and instrument diagrams dial and laser alignment and thermal growth equipment.</li></ul><br>Employment is contingent upon acceptable results of your pre-employment background and drug screening (to be taken within 48 hours of your receipt of the test paperwork). You may receive specialized classroom and laboratory training to prepare you for your assignment. You will be expected to complete periodic training to meet competency requirements for the position. All training courses attended must be successfully completed as a minimum requirement for employment.<br><br>Please Note: If being hired to United States location- GE will only employ those who are legally authorized to work in the United States for this opening. Any offer of employment is conditioned upon the successful completion of a background investigation and drug screen.<br><br>If hired in the U.S. - The salary for this position is $70,000-75,000 USD Annual. The specific salary offered to a candidate may be influenced by a variety of factors including the candidate's experience, their education, and the work location.<br><br><em>The Company pays a geographic differential of 110%, 120% or 130% of salary in certain areas.<br><br>Healthcare benefits include medical, dental, vision, and prescription drug coverage; access to a Health Coach, a 24/7 nurse-based resource; and access to the Employee Assistance Program, providing 24/7 confidential assessment, counseling and referral services. Retirement benefits include the GE Retirement Savings Plan, a tax-advantaged 401(k) savings opportunity with company matching contributions and company retirement contributions, as well as access to Fidelity resources and planning consultants. Other benefits include tuition assistance, adoption assistance, paid parental leave, disability insurance, life insurance, and paid time-off for vacation or illness.<br><br>General Electric Company, Ropcor, Inc., their successors, and in some cases their affiliates, each sponsor certain employee benefit plans or programs (i.e., is a ""Sponsor""). Each Sponsor reserves the right to terminate, amend, suspend, replace, or modify its benefit plans and programs at any time and for any reason, in its sole discretion. No individual has a vested right to any benefit under a Sponsor's welfare benefit plan or program. This document does not create a contract of employment with any individual.<br><br>This job posting will close March 30 2026<br><br><b><b><b><b>Additional Information</b></b></b></b><br><br>GE Vernova offers a great work environment, professional development, challenging careers, and competitive compensation. GE Vernova is an <a href=""https://www.eeoc.gov/sites/default/files/2022-10/22-088_EEOC_KnowYourRights_10_20.pdf"" rel=""noopener noreferrer"">Equal Opportunity Employer</a><a href=""http://www.ge.com/sites/default/files/15-000845%20EEO%20combined.pdf"" rel=""noopener noreferrer"">.</a> Employment decisions are made without regard to race, color, religion, national or ethnic origin, sex, sexual orientation, gender identity or expression, age, disability, protected veteran status or other characteristics protected by law.<br><br>GE Vernova will only employ those who are legally authorized to work in the United States for this opening. Any offer of employment is conditioned upon the successful completion of a drug screen (as applicable).<br><br><b>Relocation Assistance Provided: </b>No<br><br>#LI-Remote  -  This is a remote position<br><br>Application Deadline: May 31, 2026<br><br>For candidates applying to a U.S. based position only:<br><br></em>The Company pays a geographic differential of 110%, 120% or 130% of salary in certain areas.<br><br>This posting is expected to remain open for at least seven days after it was posted on March 03, 2026.<br><br>Healthcare benefits include medical, dental, vision, and prescription drug coverage; access to Health Coach from GE Vernova, a 24/7 nurse-based resource; and access to the Employee Assistance Program, providing 24/7 confidential assessment, counseling and referral services. Retirement benefits include the GE Vernova Retirement Savings Plan, a tax-advantaged 401(k) savings opportunity with company matching contributions and company retirement contributions, as well as access to Fidelity resources and financial planning consultants. Other benefits include tuition assistance, adoption assistance, paid parental leave, disability benefits, life insurance and 12 paid holidays. New hires also receive 40 hours of personal business time, 160 hours of personal illness and caregiving time (subject to state law), and two weeks of annual vacation (which may be pro-rated based on start date).<br><br>GE Vernova Inc. or its affiliates (collectively or individually, ""GE Vernova"") sponsor certain employee benefit plans or programs GE Vernova reserves the right to terminate, amend, suspend, replace, or modify its benefit plans and programs at any time and for any reason, in its sole discretion. No individual has a vested right to any benefit under a GE Vernova welfare benefit plan or program. This document does not create a contract of employment with any individual.</p>",Entry Level Technical Field Advisor (TFA) Steam Turbine,external,2026-03-04T18:33:08Z,entry-level-technical-field-advisor-tfa-steam-turbine-b4b8e5,jobs,21033583,"[{'name': 'Boston, MA'}, {'name': 'Flexible / Remote'}]",[],"[{'name': 'Entry Level', 'short_name': 'entry'}]",[],{'landing_page': 'https://www.themuse.com/jobs/gevernova/entry-level-technical-field-advisor-tfa-steam-turbine-b4b8e5'},"{'id': 15000121, 'short_name': 'gevernova', 'name': 'GE Vernova'}",Entry Level,15000121
"<p><b>Overnight Customer Care and Technical Support Advisor </b><br><br><b>Remote - US  </b><br><br><b>The Opportunity:  </b><br><br>Anthology offers the largest EdTech ecosystem on a global scale, supporting over 150 million users in 80 countries. The company''s mission is to provide dynamic, data-informed experiences to the global education community so that learners and educators can achieve their goals.<br><br>We believe in the power of a truly diverse and inclusive workforce. As we expand globally, we are committed to making diversity, inclusion, and belonging a foundational part of not only our hiring practices but who we are as a company.<br><br>For more information about Anthology and our career opportunities, please visit www.anthology.com.<br><br>Student Success brings virtualized support and technology enabled solutions to the world''s most progressive institutions. We provide IT Help Desk and comprehensive Student Lifecycle Management services that improve student engagement and accelerate learning. Our platform gives institutions an efficient, financially sustainable way to deliver services through the enrollment and learning process. Our goal is to build a better education experience for everyone by extending institutional resources to meet the growing demands of learners.<br><br>We are looking for technically skilled candidates with good problem-solving ability for the position of Customer Care and Technical Support Advisor. The duties of this role include interacting with families of students to address their concerns, being a reference point for all IT-related queries at the user level, responding to user needs in a timely manner, and ensuring the optimal running of all systems, among other technical duties.<br><br>Student Success offers remote, work from home opportunities with immediate availability and schedules that offer flexibility.<br><br>Position responsibilities:<br><br><ul><li>Addressing student families concerns </li><li>Providing introductory information to new users on various products </li><li>Resolving end user inquiries by utilizing multiple technologies including telephony, chat, and web-based inquiries </li><li>In a virtual contact center, resolving inbound customer calls and inquiries in a professional and empathetic manner </li><li>Installing, maintaining, and troubleshooting computers, printers, phones, and other peripheral equipment </li><li>Troubleshooting hardware and software issues </li><li>Completing software installations </li><li>Establishing good relationships with all departments and colleagues </li><li>Serving as the first point of contact for customers seeking technical assistance over the phones, chats, and emails </li><li>Striving for one-call resolution of customer issues while communicating appropriate options in a timely and professional manner </li><li>Managing and resolving identified client issues for assigned customer accounts </li><li>Documenting information into web-based ticketing system </li><li>Searching and navigating the knowledge base to identify appropriate resolution for client issues </li><li>Escalating unique issues or inaccurate information contained in the knowledge base to the immediate supervisor for resolution </li><li>Projecting favorable image of the company to promote its objectives and goals that enhance client relationships </li><li>Participating in internal training programs to expand knowledge and support multiple clients </li><li>Providing delightful, efficient, and accurate resolutions to customer inquiries </li><li>Completing special projects as requested by management </li><li>Demonstrating empathy, patience, and flexibility during phone calls </li><li>Handling multiple job tasks at one time and escalating issues in a timely manner </li></ul><br><b>The Candidate: </b><br><br>Required skills:<br><br><ul><li>Must be able to work 10:00 pm - 7:00 am EST</li><li>Must be available to work weekends. </li><li>Must be available to train 9:00 am - 6:00 pm EST for three weeks.</li><li>You must be able to work from home in a quiet, distraction-free environment without any conflicting responsibilities during your scheduled work shift </li><li>Strong computer knowledge including the ability to accurately type at least 25 wpm </li><li>Strong interpersonal skills and a very high degree of customer service ethic </li><li>Ability to communicate clearly, both written and orally, with faculty, students, staff, and team members </li><li>Ability to walk customers through outlined problem-solving processes, using our knowledge base system </li><li>Ability to ask questions to determine nature of problem </li><li>Ability to perform remote troubleshooting </li><li>Ability to take inbound (voice) phone calls in a conversation heavy environment </li><li>Must have either an ISP provided modem that allows a third party VOIP, or a personal modem and personal router without restrictions </li><li>High School diploma or equivalent combination of education and experience </li><li>Must be at least 18 years old  </li><li>Excellent oral and written communication skills </li><li>Previous computer experience (building, configuring, troubleshooting) </li><li>Knowledge of internet applications </li><li>Proficiency in MS Office computer applications, including Word and Excel, and willingness to learn new technology systems </li><li>Familiarity with education-related technologies </li><li>Analytical orientation with strong attention to detail </li><li>Full professional proficiency in written and spoken English (equivalent to CEF B2 level or above) </li><li>Willing to accept a temporary assignment </li><li>Must reside in an approved state<em> </li></ul><ul><li>Must be able to work from home with the following internet requirements: High-speed Internet Connection (Cable, Fiber, DSL) <ul><li>Mobile Broadband is not supported, this is satellite, wireless/cellular hotspot service, and point to point internet service</li><li>40 Mbps Download </li><li>20 Mbps Upload </li><li>100ms Ping or less </li><li>Jitter: 40 MS or less </li><li>Hardwired Connection <ul><li>Wired connection from the modem/router to the device, no splits/gaps or usage of Wi-Fi bridges  </li></ul></li></ul></li></ul><br>Preferred skills:<br><br><ul><li>College degree or some college completed </li><li>1 or more years of customer service or contact center experience </li><li>Previous experience in the education industry and with e-learning technologies </li><li>Experience working in a technical help desk position  </li></ul><br>Pay rate is $13/hour. We use national and industry-specific survey data to assist in determining compensation. Additionally, we consider factors such as external market rate, budget for the role, and the compensation rates of current employees performing the same function. Some roles will have variable pay.<br><br>This job description is not designed to contain a comprehensive listing of activities, duties, or responsibilities that are required. Nothing in this job description restricts management's right to assign or reassign duties and responsibilities at any time.<br><br>Anthology is an equal employment opportunity/affirmative action employer and considers qualified applicants for employment without regard to race, gender, age, color, religion, national origin, marital status, disability, sexual orientation, gender identity/expression, protected military/veteran status, or any other legally protected factor.<br><br></em>This position is available for candidates residing in the following states: AL, AR, FL, GA, IN, KY, LA, MO, MS, NC, NV, OH, OK, PA, SC, TN, TX, WI, WV</p>",Overnight Customer Care and Technical Support Advisor,external,2024-05-09T23:42:42Z,overnight-customer-care-and-technical-support-advisor,jobs,14903177,[{'name': 'Flexible / Remote'}],[{'name': 'Data and Analytics'}],"[{'name': 'Entry Level', 'short_name': 'entry'}]",[],{'landing_page': 'https://www.themuse.com/jobs/anthology/overnight-customer-care-and-technical-support-advisor'},"{'id': 15000181, 'short_name': 'anthology', 'name': 'Anthology'}",Entry Level,15000181
"<p>About Us<br>
The Muse is the go-to destination for the next-generation workforce to research companies and careers. Every year, tens of millions of professionals turn to our platform to find trusted guidance on career growth, skills development, and job opportunities.<br>
We believe that great ideas can come from anywhere. That’s why we foster a collaborative, inclusive environment where diverse perspectives and experiences drive innovation. Our team is passionate about helping people win at work — and it’s this shared mission, along with our dynamic mix of voices and ideas, that makes The Muse such an exciting place to grow your career.</p>
<p>Position Overview<br>
Are you ambitious, outgoing, and motivated to drive results? We’re looking for a goal-oriented and proactive Sales Representative Intern to join our remote team!<br>
In this role, you’ll help generate new business opportunities, nurture client relationships, and support revenue growth. You’ll collaborate closely with internal teams to identify prospects, present solutions, and assist throughout the full sales cycle—from initial outreach to deal closure.<br>
This is an excellent opportunity for someone early in their career to gain hands-on sales experience, work with diverse clients across industries, and build a foundation in business development and client success.</p>
<p>What you will do:<br>
•   Identify and research potential clients and business opportunities<br>
•   Assist in prospecting, outreach, and relationship-building activities<br>
•   Support the sales cycle from lead qualification to deal closure<br>
•   Collaborate with internal teams to deliver client solutions<br>
•   Learn best practices in sales strategy, negotiation, and account management</p>
<p>What we are looking for:<br>
•   Degree (or pursuing) in Business, Marketing, or related field.<br>
•   Ambitious, proactive, and motivated to achieve targets<br>
•   Strong communication and interpersonal skills<br>
•   Comfortable engaging with potential clients and building relationships<br>
•   Curious and eager to learn about sales strategies and business development<br>
•   Team player who thrives in a remote, collaborative environment</p>
<p>Why you will love it here:<br>
•   100% remote and flexible work setup<br>
•   Hands-on experience generating business and building client relationships<br>
•   Exposure to diverse clients and industries<br>
•   Supportive, collaborative team culture focused on growth and learning</p>
<p>If you’re ready to kickstart your sales career, drive results, and grow alongside a dynamic remote team — we’d love to have you on board!<br>
Application Process<br>
Interested candidates should apply directly through the platform. Qualified applicants may be considered for multiple client opportunities based on their skills, experience, and interests.</p>",Sales Representative – Remote Internship,external,2026-01-07T12:56:09Z,sales-representative-remote-internship,jobs,21039850,[{'name': 'Flexible / Remote'}],[{'name': 'Sales'}],"[{'name': 'Entry Level', 'short_name': 'entry'}, {'name': 'Internship', 'short_name': 'internship'}]",[],{'landing_page': 'https://www.themuse.com/jobs/themuse/sales-representative-remote-internship'},"{'id': 1327, 'short_name': 'themuse', 'name': 'The Muse'}",Entry Level,1327
"<p><b><b><b><b>Job Description Summary</b></b></b></b><br><br>GE Vernova (NYSE: GEV) Addressing the climate crisis is an urgent global priority and we take our responsibility seriously. That is our singular mission at GE Vernova: continuing to electrify the world while simultaneously working to help decarbonize it.<br><br>If we want our energy future to be different...we must be different.<br><br>Our mission is embedded in our name. We retain our treasured legacy, ""GE,"" in our name as an enduring and hard-earned badge of quality and ingenuity. ""Ver"" / ""verde"" signal Earth's verdant and lush ecosystems. ""Nova,"" from the Latin ""novus,"" nods to a new, innovative era of lower carbon energy that GE Vernova will help deliver.<br><br>Together, we have The Energy to Change the World. Learn more at www.gevernova.com<br><br>The Technical Field Advisor (TFA) provides on-site technical direction to customer-owned utility and industrial power plants for their Steam Turbine Generator System(s). The TFA is responsible for reviewing plant engineering documents and P&amp;ID's, troubleshooting of plant systems and equipment, planning, organizing, integrating and direction of resources such as labor, tools and materials as required to complete the work scope according to contractual requirements. The primary responsibility of the TFA is to safely manage the maintenance and repair of the various equipment used in power generation applications. You may be assigned other duties to help proactively drive our Steam Power vision and align with our organization's core values.<br><br>This position is available remotely within the U.S. and expected to travel 80% annually. Travel will primarily be within the U.S. and Canada but may include international travel.<br><br>Continuous employment is dependent on successful completion of formal training provided by General Electric. <br><br>Candidates may receive offers of employment at varying levels of seniority based on the candidate's qualifications and relatable experience.<br><br><b><b>Job Description</b></b><br><br><b>Your Role:</b><br><br><ul><li>Manage, perform, coordinate, and/or monitor Steam Power site activities.</li><li>Perform on-site installation of systems and equipment and ongoing preventive maintenance, repair, and calibration after installation.</li><li>Respond to requests for emergency repairs and services to troublesome equipment.</li><li>Provide technical instruction and assistance to customer representatives regarding installation, operation, calibration, repair, and maintenance at customer's sites.</li><li>Perform administrative functions such as: writing technical reports, ordering materials, securing quotations, preparing job status reports, reports to customers, time sheet and expense sheets on a complete timely, and thorough basis.</li><li>Signs off on all changes implemented.</li><li>Knowledge to troubleshoot and provide routine maintenance checkout for wide range of equipment vintage.</li><li>Prepare timely and accurate technical reports for customer records and a reference for future outages.</li><li>Ensure all parts needed for the job are shipped to the site.</li><li>Perform aftermarket upgrades that need to be performed at the site level.</li><li>Supervise critical tasks when these activities are performed by third parties (as measuring, dimensional checks, other considered by the management).</li></ul><br><b>Required Qualifications</b><br><br><ul><li>Bachelor's degree in Mechanical Engineering or related discipline from an accredited university with a 3.0 or higher GPA; or a High School Diploma / GED with 4+ years of experience in a Field Services or power generation equipment maintenance role.</li><li>Ability and willingness to travel up to 80% of the time.</li></ul><br><b>Desired Qualifications</b><br><br><ul><li>Experience working on customer sites.</li><li>Technically oriented, fast-learner, self-starter (need people who need little direction, willing to do self-study, self-directed)</li><li>Solid understanding of Steam Turbine Operation and Controlling Parameters OR Steam Boiler Operational Principals</li><li>Strong technical skill in reading and interpreting electrical/mechanical flow and instrument diagrams dial and laser alignment and thermal growth equipment.</li></ul><br>Employment is contingent upon acceptable results of your pre-employment background and drug screening (to be taken within 48 hours of your receipt of the test paperwork). You may receive specialized classroom and laboratory training to prepare you for your assignment. You will be expected to complete periodic training to meet competency requirements for the position. All training courses attended must be successfully completed as a minimum requirement for employment.<br><br>Please Note: If being hired to United States location- GE will only employ those who are legally authorized to work in the United States for this opening. Any offer of employment is conditioned upon the successful completion of a background investigation and drug screen.<br><br>If hired in the U.S. - The salary for this position is $70,000-75,000 USD Annual. The specific salary offered to a candidate may be influenced by a variety of factors including the candidate's experience, their education, and the work location.<br><br><em>The Company pays a geographic differential of 110%, 120% or 130% of salary in certain areas.<br><br>Healthcare benefits include medical, dental, vision, and prescription drug coverage; access to a Health Coach, a 24/7 nurse-based resource; and access to the Employee Assistance Program, providing 24/7 confidential assessment, counseling and referral services. Retirement benefits include the GE Retirement Savings Plan, a tax-advantaged 401(k) savings opportunity with company matching contributions and company retirement contributions, as well as access to Fidelity resources and planning consultants. Other benefits include tuition assistance, adoption assistance, paid parental leave, disability insurance, life insurance, and paid time-off for vacation or illness.<br><br>General Electric Company, Ropcor, Inc., their successors, and in some cases their affiliates, each sponsor certain employee benefit plans or programs (i.e., is a ""Sponsor""). Each Sponsor reserves the right to terminate, amend, suspend, replace, or modify its benefit plans and programs at any time and for any reason, in its sole discretion. No individual has a vested right to any benefit under a Sponsor's welfare benefit plan or program. This document does not create a contract of employment with any individual.<br><br>This job posting will close March 30 2026<br><br><b><b><b><b>Additional Information</b></b></b></b><br><br>GE Vernova offers a great work environment, professional development, challenging careers, and competitive compensation. GE Vernova is an <a href=""https://www.eeoc.gov/sites/default/files/2022-10/22-088_EEOC_KnowYourRights_10_20.pdf"" rel=""noopener noreferrer"">Equal Opportunity Employer</a><a href=""http://www.ge.com/sites/default/files/15-000845%20EEO%20combined.pdf"" rel=""noopener noreferrer"">.</a> Employment decisions are made without regard to race, color, religion, national or ethnic origin, sex, sexual orientation, gender identity or expression, age, disability, protected veteran status or other characteristics protected by law.<br><br>GE Vernova will only employ those who are legally authorized to work in the United States for this opening. Any offer of employment is conditioned upon the successful completion of a drug screen (as applicable).<br><br><b>Relocation Assistance Provided: </b>No<br><br>#LI-Remote  -  This is a remote position<br><br>Application Deadline: May 31, 2026<br><br>For candidates applying to a U.S. based position only:<br><br></em>The Company pays a geographic differential of 110%, 120% or 130% of salary in certain areas.<br><br>This posting is expected to remain open for at least seven days after it was posted on March 03, 2026.<br><br>Healthcare benefits include medical, dental, vision, and prescription drug coverage; access to Health Coach from GE Vernova, a 24/7 nurse-based resource; and access to the Employee Assistance Program, providing 24/7 confidential assessment, counseling and referral services. Retirement benefits include the GE Vernova Retirement Savings Plan, a tax-advantaged 401(k) savings opportunity with company matching contributions and company retirement contributions, as well as access to Fidelity resources and financial planning consultants. Other benefits include tuition assistance, adoption assistance, paid parental leave, disability benefits, life insurance and 12 paid holidays. New hires also receive 40 hours of personal business time, 160 hours of personal illness and caregiving time (subject to state law), and two weeks of annual vacation (which may be pro-rated based on start date).<br><br>GE Vernova Inc. or its affiliates (collectively or individually, ""GE Vernova"") sponsor certain employee benefit plans or programs GE Vernova reserves the right to terminate, amend, suspend, replace, or modify its benefit plans and programs at any time and for any reason, in its sole discretion. No individual has a vested right to any benefit under a GE Vernova welfare benefit plan or program. This document does not create a contract of employment with any individual.</p>",Entry Level Technical Field Advisor (TFA) Steam Turbine,external,2026-03-04T18:34:24Z,entry-level-technical-field-advisor-tfa-steam-turbine-17fe08,jobs,21033750,"[{'name': 'Boston, MA'}, {'name': 'Flexible / Remote'}]",[],"[{'name': 'Entry Level', 'short_name': 'entry'}]",[],{'landing_page': 'https://www.themuse.com/jobs/gevernova/entry-level-technical-field-advisor-tfa-steam-turbine-17fe08'},"{'id': 15000121, 'short_name': 'gevernova', 'name': 'GE Vernova'}",Entry Level,15000121
"<p>Pilotly is changing the way creators make business decisions through the first consumer insights platform built specifically for creative content. From marketing strategy to creative execution, Pilotly is the ultimate tool to gather massive amounts of consumer feedback and distill it into valuable insights. It's time to make our platform the standard in the entertainment industry and beyond.</p>

<p>You will join our Client Solutions team to expand the use of our platform and ensure current customers are able to derive maximum value. You'll be building key relationships with content creators, advertisers, brands and other publishers, while also engaging in outside partnerships that can expand our ability to deliver great service to our client base.</p>

<p>This is an exciting, intellectually challenging opportunity for an individual who wants to bring a game changing technology to the world's leading organizations. A passion for complex problem-solving, thought leadership and sales process will be a great fit for this position.</p>

<p>Learn more about us : <a href=""https://youtu.be/9nqbU2VJjY0"">https://youtu.be/9nqbU2VJjY0</a></p>

<p>===Requirements===</p>

<ul>
    <li>
        <p>Over 4 years of experience either selling to or working within a major entertainment network, advertising agency or creative organization</p>
    </li>
    <li>
        <p>Understanding on the content creation / distribution workflow</p>
    </li>
    <li>
        <p>Strong competency in power point and excel</p>
    </li>
    <li>
        <p>Proven experience building sales funnels and growth experiments</p>
    </li>
    <li>
        <p>Existing relationships with stake holders at a minimum of two potential clients to help kick start your efforts</p>
    </li>
    <li>
        <p>An understanding of standard industry metrics (Nielsen, ComScore, etc)</p>
    </li>
</ul>

<p>===Some of Things You’ll Do===<br>• Qualify all sales leads based upon lead qualification criteria definitions<br>• Develop superior customer service relationship with prospects.<br>• Provide weekly activity report to management.<br>• Proactively participate in product feature request and platform testing to expand knowledge of platform, improving your ability to communicate with clients<br>• Maintain relationships with key clients to ensure their success and understand their future needs<br>• Update lead status and all prospect interaction in CRM application weekly</p>

<p>==Position is Salary + Commission==</p>",Client Solutions Specialist (SDR/BDR),external,2021-03-31T15:47:09Z,client-solutions-specialist-sdrbdr-10fd86,jobs,5526785,"[{'name': 'Flexible / Remote'}, {'name': 'Los Angeles, CA'}, {'name': 'New York, NY'}]","[{'name': 'Account Management/Customer Success'}, {'name': 'Sales'}]","[{'name': 'Entry Level', 'short_name': 'entry'}, {'name': 'Mid Level', 'short_name': 'mid'}]",[],{'landing_page': 'https://www.themuse.com/jobs/pilotly/client-solutions-specialist-sdrbdr-10fd86'},"{'id': 12271, 'short_name': 'pilotly', 'name': 'Pilotly'}",Entry Level,12271
"<p><b>Overview</b><br><br>Enterprise Fleet Management has an exciting opportunity for an Accounts Receivable Coordinator!<br><br>The Accounts Receivable Coordinator is responsible for the cash receipting of all payments received for the Fleet Management division, including customer lease payments and vehicle sale proceeds. This position will also be responsible for customer account reconciliations and partnering with the Fleet Management groups to answer questions related to the cash application process.  The ideal candidate will be detail oriented, able to juggle multiple responsibilities while meeting deadlines and have a strong commitment to customer service.<br><br>This is a 100% remote position. This position is full time and requires normal business working hours of Monday through Friday 8 a.m. to 5 p.m. CST. This position works 40 hours per week and offers a flex schedule.<br><br>The pay range for this position is $16.88 to $23.70 per hour. Pay within the range will be determined based on numerous factors including, but not limited to, relevant education, qualifications, experience, skills, performance, time in position, and business or organizational needs.<br><br>Enterprise Fleet Management also offers a benefits package including paid vacation and choice time days; medical, dental, and vision insurance benefits; dependent spending account, health savings account, life and disability insurance; fertility benefits, Employee Assistance Programs; profit sharing, 401(k) employer match, discounts and more!<br><br><strong>Company Overview </strong><br><br>Enterprise Fleet Management is a privately held, full-service fleet management business for companies, government agencies and organizations with medium-sized fleets. With more than 50 fully staffed offices nationwide, our team of experts can assemble a customized or full-service fleet management program that is just right for each business. With a North American fleet of 739,000 vehicles and growing at almost 7 percent, the opportunity with Enterprise Fleet Management is tremendous. Our business continues to thrive, and we remain committed to the investment in and the development of our people.  We do the right thing by our customers and employees every time and in every situation. Not only is that great for business (as seen in our global growth and success) it's also great for employees.<br><br><b>Responsibilities</b><br><br><ul><li>Receipt customer payments on outstanding AR's</li><li>Researching and reviewing customer's account and bank activity</li><li>Process payments for sold Fleet Management vehicles</li><li>Partner with groups to answer questions regarding customer payments</li><li>Seek to improve job performance through self-assessment, skill development, training and goal setting</li><li>Maintain a regular and reliable level of attendance and punctuality</li><li>Perform miscellaneous job-related duties as assigned</li></ul><br>Equal Opportunity Employer/Disability/Veterans<br><br><b>Qualifications</b><br><br><ul><li>Must be 18 years of age or older</li><li>Must live in the Greater St. Louis Metropolitan area</li><li>Minimum 1 year customer service experience</li><li>Minimum 1 year year administrative experience</li><li>Previous accounts receivable experience preferred</li><li>Intermediate PC knowledge with experience in Excel and Word</li><li>Bachelor's degree or currently pursuing in Accounting or Finance, preferred</li><li>Must be authorized to work in the United States and not require work authorization sponsorship by our company for this position now or in the future</li><li>Must have the ability to meet all work from home technical requirements</li></ul><br><strong>Competency Based Qualifications:</strong><br><br><ul><li>Executing</li><li>Customer Service</li><li>Detail-Oriented</li><li>Problem Solving</li><li>Communication</li><li>Flexibility</li><li>Working With a Team</li></ul><br><strong>Work from Home (WFH) Requirements:</strong><br><br><ul><li>Must have reliable and consistent high-speed internet access provided by a terrestrial cable or fiber provider (no DSL or satellite)</li><li>High-speed Internet connection with a minimum validated upload speed of 5Mb and download speed of 25Mb is required.  Connection latency must be less than 100ms.  (Please validate using a speed test tool such as http://www.speedtest.net/) </li></ul><ul></ul></p>",Accounts Receivable Coordinator,external,2025-03-27T12:33:53Z,accounts-receivable-coordinator,jobs,18325747,"[{'name': 'Flexible / Remote'}, {'name': 'St. Louis, MO'}]",[{'name': 'Business Operations'}],"[{'name': 'Entry Level', 'short_name': 'entry'}]","[{'name': 'Fortune 1000', 'short_name': 'fortune-1000-companies'}]",{'landing_page': 'https://www.themuse.com/jobs/enterprisemobility/accounts-receivable-coordinator'},"{'id': 1211, 'short_name': 'enterprisemobility', 'name': 'Enterprise Mobility'}",Entry Level,1211
"<p><b>Overview</b><br><br>As we continue to build our team in support of our vision to the be the world's best and most trusted mobility company, Enterprise Fleet Management, a business line of Enterprise Mobility is excited to announce the opening of a Shared Services Representative!<br><br>The Shared Services Representative for our National Service Department will primarily be responsible for ensuring timely follow up on maintenance replacement rentals and roadside related services, while communicating client approval of repairs to maintenance facilities. The Shared Services Representative will also assist with various tasks, projects, and reports related to managing vehicle recalls, historical repair orders, and manufacturer claims.<br><br>This is a full-time, work from home position, that will allow you to work 100% from your home residence in the St. Louis Metropolitan area. Our National Service Department operates between the hours of Monday through Friday 5a.m. - 9 p.m. CST and Saturday 7 a.m. - 4 p.m. CST. Schedules are based on current business needs and will require working full-time, 40 hours per week.<br><br>The pay range for this position is $16.88 - $18.13 per hour. Pay within the range will be determined based on numerous factors including, but not limited to, relevant education, qualifications, experience, skills, performance, time in position, and business of organizational needs.<br><br>Enterprise Fleet Management also offers a benefits package including paid vacation and choice time days; medical, dental, and vision insurance benefits; dependent spending account, health savings account, life and disability insurance; fertility benefits, Employee Assistace Programs; profit sharing, 401(k) employer match, discounts, and more!<br><br>Company Overview <br><br>Enterprise Fleet Management is a privately held, full-service fleet management business for companies, government agencies and organizations with medium-sized fleets. With more than 50 fully staffed offices nationwide, our team of experts can assemble a customized or full-service fleet management program that is just right for each business. With a North American fleet of 745,000 vehicles and growing at just over 7 percent, the opportunity with Enterprise Fleet Management is tremendous. Our business continues to thrive, and we remain committed to the investment in and the development of our people. We do the right thing by our customers and employees every time and in every situation. Not only is that great for business (as seen in our global growth and success) it's also great for employees.<br><br><b>Responsibilities</b><br><br><strong>Responsibilities include:</strong><br><br><ul><li>Monitor the advancement of live jobs by conducting follow ups to vendor partners, clients, and maintenance repair facilities in a timely manner</li><li>Communicate status of live jobs and vehicles out of service at repair facilities by noting internal system and emailing or calling clients</li><li>Identify and escalate customer service opportunities related to roadside assistance or delays in repairs</li><li>Extend replacement rentals to accommodate alternate transportation for fleet drivers</li><li>Consult with, and make recommendations to, clients regarding vehicle repair service progression</li><li>Relay repair approvals to repair facilities on behalf of the client</li></ul><br>Equal Opportunity Employer/Disability/Veterans     #LI-REMOTE<br><br><b>Qualifications</b><br><br><strong>Minimum Qualifications:</strong><br><br><ul><li>Must be 18 years of age or older</li><li>Must live in the St. Louis Metropolitan area or surrounding Missouri or Illinois counties</li><li>Must live in the state of Missouri or Illinois</li><li>One (1) year of Customer Service experience</li><li>One (1) year of administrative support experience</li><li>Basic proficiency with Microsoft Office applications (Word, Excel, and Outlook)</li><li>Must be willing to accept $16.88 - $18.13 per hour</li><li>Must have the ability to meet all work from home technical requirements</li><li>Must be authorized to work in the United States and not require work authorization sponsorship by our company for this position now or in the future</li></ul><br><strong>Competency Based Qualifications:</strong><br><br><ul><li>Executing</li><li>Customer Service</li><li>Detail Oriented</li><li>Analyzing</li><li>Communication</li><li>Flexibility</li></ul><br>Work From Home (WFH) Requirements:<br><br><ul><li>Must have reliable and consistent high-speed internet access provided by a terrestrial cable or fiber provider (no DSL or satellite)</li><li>High-speed Internet connection with a minimum validated upload speed of 5Mb and download speed of 25Mb is required.  Connection latency must be less than 100ms.  (Please validate using a speed test tool such as http://www.speedtest.net/) </li></ul></p>",Shared Services Representative - Remote - Fleet Management,external,2025-05-15T12:13:10Z,shared-services-representative-remote-fleet-management-6088a6,jobs,18629480,"[{'name': 'Flexible / Remote'}, {'name': 'St. Louis, MO'}]",[{'name': 'Management'}],"[{'name': 'Entry Level', 'short_name': 'entry'}]","[{'name': 'Fortune 1000', 'short_name': 'fortune-1000-companies'}]",{'landing_page': 'https://www.themuse.com/jobs/enterprisemobility/shared-services-representative-remote-fleet-management-6088a6'},"{'id': 1211, 'short_name': 'enterprisemobility', 'name': 'Enterprise Mobility'}",Entry Level,1211
"<p><b>Overview</b><br><br>As we continue to build our team in support of our vision to the be the world's best and most trusted mobility company, Enterprise Fleet Management, an affiliate of Enterprise Mobility is excited to announce the opening of a Vehicle Acquisition Coordinator!<br><br>The Vehicle Acquisition Coordinator provides sales and administrative support to multiple EFM groups and clients. The position works directly with Client Strategy Managers, vendors and clients to coordinate vehicles for delivery for their assigned region(s). This position manages the acquisition status and movement of each vehicle and coordinates logistics with dealers, aftermarket providers, transport vendors, and various Enterprise Fleet Management teams, which often require use of negotiation with vendors and dealers to prioritize EFM vehicles and finding creative problem resolution for delivery of vehicles.<br><br>This position offers a starting salary range between $47,400 - $52,000 per year depending upon relevant experience and skill level<strong>.  </strong>This position is full time and requires normal business working hours of Monday through Friday 8 a.m. to 5 p.m CST/6 a.m. to 3 p.m. PST.<br><br><strong>This is a 100% remote position that will allow you to work from your home residence in the Greater Phoenix, AZ Metropolitan area.</strong><br><br>Enterprise Fleet Management offers a comprehensive healthcare package, 401k matching &amp; profit sharing, paid time off, great discounts, and organizational growth potential.<br><br><strong>Company Overview </strong><br><br>Enterprise Fleet Management is a privately held, full-service fleet management business for companies, government agencies and organizations with medium-sized fleets. With more than 50 fully staffed offices nationwide, our team of experts can assemble a customized or full-service fleet management program that is just right for each business. With a North American fleet of 730,000 vehicles and growing at over 7 percent, the opportunity with Enterprise Fleet Management is tremendous. Our business continues to thrive, and we remain committed to the investment in and the development of our people.  We do the right thing by our customers and employees every time and in every situation. Not only is that great for business (as seen in our global growth and success) it's also great for employees.<br><br><b>Responsibilities</b><br><br><ul><li>Coordinate and direct the readiness of vehicles for delivery including pre-delivery inspection, timely installation of aftermarket equipment and transportation/logistics with external vendors</li><li>Monitor and analyze the stages of the vehicle life cycle, taking proactive measures to ensure timely delivery of vehicles to our clients</li><li>Negotiate with dealers, aftermarket equipment vendors and transportation providers for dealer installed items, dealer damage, courtesy delivery fees, transportation costs and timing</li><li>Identify and resolve vehicle exceptions including production and shipping delays, canceled orders, damaged vehicles and mis-shipped vehicles</li><li>Develop and maintain relationships with internal teams and external vendors</li><li>Coordinate with dealers to facilitate temp tags, title and registration, and sales/use tax refunds</li><li>Partner with Fleet Strategy Managers and remarketing team to update and track vehicles turned in to be sold and provide status</li><li>Market and sell unclaimed vehicles to dealers</li></ul><br>Equal Opportunity Employer/Disability/Veterans<br><br>#LI-REMOTE<br><br><b>Qualifications</b><br><br><strong>Minimum Qualifications include:</strong><br><br><ul><li>Must be 18 years of age or older</li><li>Must currently reside in the Phoenix, AZ Metropolitan area</li><li>4 years logistics, supply chain, sales, or vendor support experience</li><li>3 years successful experience with problem resolution or analyzing data to make recommendations </li><li>Available Monday through Friday, 40 hours a week</li><li>Intermediate PC skills; including Excel, Word, Outlook</li><li>Willing to accept a salary of $47,400-$52,000 annually</li><li>Must have the ability to meet all work from home technical requirements </li><li>Must be authorized to work in the United States and not require work authorization by our company for this position now or in the future</li></ul><br><strong>Competency Based Qualifications: </strong><br><br><ul><li>Executing</li><li>Working With A Team</li><li>Customer service</li><li>Detail-oriented</li><li>Analyzing</li><li>Communication</li><li>Flexibility</li></ul><br><strong>Work from Home (WFH) Requirements:</strong><br><br><ul><li>Must have reliable and consistent high-speed internet access provided by a terrestrial cable or fiber provider (no DSL or satellite)</li><li>High-speed Internet connection with a minimum validated upload speed of 5Mb and download speed of 25Mb is required.  Connection latency must be less than 100ms.  (Please validate using a speed test tool such as http://www.speedtest.net/)  </li></ul></p>","Vehicle Acquisition Coordinator - Phoenix, AZ",external,2025-02-11T12:40:51Z,vehicle-acquisition-coordinator-phoenix-az,jobs,17752434,"[{'name': 'Flexible / Remote'}, {'name': 'Phoenix, AZ'}]",[],"[{'name': 'Entry Level', 'short_name': 'entry'}]","[{'name': 'Fortune 1000', 'short_name': 'fortune-1000-companies'}]",{'landing_page': 'https://www.themuse.com/jobs/enterprisemobility/vehicle-acquisition-coordinator-phoenix-az'},"{'id': 1211, 'short_name': 'enterprisemobility', 'name': 'Enterprise Mobility'}",Entry Level,1211
"<p>About Us<br>
The Muse is the go-to destination for the next-generation workforce to research companies and careers. Every year, tens of millions of professionals turn to our platform to find trusted guidance on career growth, skills development, and job opportunities.<br>
We believe that great ideas can come from anywhere. That’s why we foster a collaborative, inclusive environment where diverse perspectives and experiences drive innovation. Our team is passionate about helping people win at work — and it’s this shared mission, along with our dynamic mix of voices and ideas, that makes The Muse such an exciting place to grow your career.</p>
<p>Position Overview<br>
Do you love finding patterns, solving puzzles, and turning data into stories? We’re looking for a curious and detail-oriented Data Analyst Intern to join our remote team!<br>
In this role, you’ll help collect, clean, and analyze data that drives real business decisions. You’ll work closely with senior analysts and team leads to uncover insights, create visual reports, and support projects that make an impact.<br>
This is a great opportunity for someone who’s just starting out but eager to learn, grow, and sharpen their analytical skills in a supportive, hands-on environment.</p>
<p>What you will do:<br>
•   Collect, organize, and analyze data from multiple sources<br>
•   Create reports and dashboards to visualize trends and insights<br>
•   Assist in identifying patterns, opportunities, and potential improvements<br>
•   Work with team members to support business goals through data-driven decisions<br>
•   Learn and apply tools and techniques in analytics, reporting, and data visualization</p>
<p>What we are looking for:<br>
•   Bachelor’s degree (or currently pursuing) in Mathematics, Statistics, Data Science, or related field.<br>
•   A love for numbers, logic, and problem-solving<br>
•   Strong attention to detail and curiosity to dig deeper<br>
•   Basic understanding of Excel, Google Sheets, or data visualization tools (bonus points for SQL, Power BI, or Tableau!)<br>
•   A proactive learner who enjoys discovering new ways to use data<br>
•   Comfortable working independently and as part of a remote team</p>
<p>What We Offer<br>
•   100% remote and flexible work setup<br>
•   Opportunities to learn from experienced analysts and mentors<br>
•   Exposure to real-world data projects across multiple industries<br>
•   Supportive team culture where your ideas and insights matter</p>
<p>If you’re excited to dive into data, learn new tools, and start your analytics career with a team that values growth and curiosity — we want to meet you!</p>
<p>Application Process<br>
Interested candidates should apply directly through the platform. Qualified applicants may be considered for multiple client opportunities based on their skills, experience, and interests.</p>",Data Analyst - Remote Internship,external,2025-12-11T15:31:50Z,data-analyst-remote-internship,jobs,20897436,[{'name': 'Flexible / Remote'}],[],"[{'name': 'Entry Level', 'short_name': 'entry'}]",[],{'landing_page': 'https://www.themuse.com/jobs/themuse/data-analyst-remote-internship'},"{'id': 1327, 'short_name': 'themuse', 'name': 'The Muse'}",Entry Level,1327
"<p><b><b><b><b>Job Description Summary</b></b></b></b><br><br><b><b>Job Description</b></b><br><br>GE Vernova (NYSE: GEV) Addressing the climate crisis is an urgent global priority and we take our responsibility seriously. That is our singular mission at GE Vernova: continuing to electrify the world while simultaneously working to help decarbonize it.<br><br>If we want our energy future to be different...we must be different.<br><br>Our mission is embedded in our name. We retain our treasured legacy, ""GE,"" in our name as an enduring and hard-earned badge of quality and ingenuity. ""Ver"" / ""verde"" signal Earth's verdant and lush ecosystems. ""Nova,"" from the Latin ""novus,"" nods to a new, innovative era of lower carbon energy that GE Vernova will help deliver.<br><br>Together, we have The Energy to Change the World. Learn more at <a href=""https://www.gevernova.com"" rel=""noopener noreferrer"">www.gevernova.com</a><br><br><b>Job Description Summary</b><br><br>The Technical Field Advisor (TFA) provides on-site technical direction to customer-owned utility and industrial power plants for their Steam Turbine Generator System(s). The TFA is responsible for reviewing plant engineering documents and P&amp;ID's, troubleshooting of plant systems and equipment, planning, organizing, integrating and direction of resources such as labor, tools and materials as required to complete the work scope according to contractual requirements. The primary responsibility of the TFA is to safely manage the maintenance and repair of the various equipment used in power generation applications. You may be assigned other duties to help proactively drive our Steam Power vision and align with our organization's core values.<br><br>This position is available remotely within the U.S. and expected to travel 80% annually. Travel will primarily be within the U.S. but may include international travel to Canada.<br><br>Continuous employment is dependent on successful completion of formal training provided by General Electric.<br><br>Candidates may receive offers of employment at varying levels of seniority based on the candidate's qualifications and relatable experience.<br><br><b>Your Role:</b><br><br><ul><li>Manage, perform, coordinate, and/or monitor Steam Power site activities.</li><li>Perform on-site installation of systems and equipment and ongoing preventive maintenance, repair, and calibration after installation.</li><li>Respond to requests for emergency repairs and services to troublesome equipment.</li><li>Provide technical instruction and assistance to customer representatives regarding installation, operation, calibration, repair, and maintenance at customer's sites.</li><li>Perform administrative functions such as: writing technical reports, ordering materials, securing quotations, preparing job status reports, reports to customers, time sheet and expense sheets on a complete timely, and thorough basis.</li><li>Signs off on all changes implemented.</li><li>Knowledge to troubleshoot and provide routine maintenance checkout for wide range of equipment vintage.</li><li>Prepare timely and accurate technical reports for customer records and a reference for future outages.</li><li>Ensure all parts needed for the job are shipped to the site.</li><li>Perform aftermarket upgrades that need to be performed at the site level.</li><li>Supervise critical tasks when these activities are performed by third parties (as measuring, dimensional checks, other considered by the management).</li></ul><br><b>Required Qualifications</b><br><br><ul><li>Bachelor's degree in STEM (Science, Technology, Engineering, Math) or related discipline from an accredited university with a 3.0 or higher GPA; or a High School Diploma / GED with 4+ years of experience in a Field Services or power generation equipment maintenance role.</li><li>Ability to obtain Unescorted Security Clearance to Nuclear Facilities across NAM</li></ul><br><b>Desired Qualifications</b><br><br><ul><li>Experience working on customer sites.</li><li>Technically oriented, fast-learner, self-starter (need people who need little direction, willing to do self-study, self-directed)</li><li>Solid understanding of Steam Turbine Operation and Controlling Parameters OR Steam Boiler Operational Principals</li><li>Strong technical skill in reading and interpreting electrical/mechanical flow and instrument diagrams dial and laser alignment and thermal growth equipment.</li><li>Employment is contingent upon acceptable results of your pre-employment background and drug screening (to be taken within 48 hours of your receipt of the test paperwork). You may receive specialized classroom and laboratory training to prepare you for your assignment. You will be expected to complete periodic training to meet competency requirements for the position. All training courses attended must be successfully completed as a minimum requirement for employment.</li></ul><br><b>About Us</b><br><br>For U.S. based candidates only, for purposes of complying with U.S. pay transparency requirements, the base pay for this position in <b>$75,000 USD Annually (role is OT eligible).</b><br><br>The specific pay offered may be influenced by a variety of factors, including the candidate's experience, education, and skill set.<br><br>This position will stay open on the career website until at least July 26, 2026.<br><br><b>Benefits Available to You:</b><br><br>GE employees rise to the challenge of building a world that works. In order to meet this mission, we provide varied, competitive benefits to help support our workforce: <a href=""https://jobs.gecareers.com/global/en/ge-career-benefits"" rel=""noopener noreferrer"">https://jobs.gecareers.com/global/en/ge-career-benefits</a><br><br><ul><li>Our <b>compensation &amp; benefits</b> are designed to help you manage your personal and family needs, while rewarding high performers. We offer a robust benefits package depending on your employment status and your national requirements.</li><li>A <b>healthy, balanced lifestyle</b> can mean different things to different people. We've created programs that support the way you live and work today.</li><li>GE invests to provide opportunities to <b>grow your career</b> by providing a path for continued on-the-job <b>learning and development</b>.</li></ul><br><b>Healthcare benefit</b>s include medical, dental, vision, and prescription drug coverage; access to a Health Coach, a 24/7 nurse-based resource; and access to the Employee Assistance Program, providing 24/7 confidential assessment, counseling, and referral services.<br><br><b>Retirement benefits </b>include the GE Retirement Savings Plan, a tax-advantaged 401(k) savings opportunity with company matching contributions and company retirement contributions, as well as access to Fidelity resources and planning consultants.<br><br><b>Other benefits</b> include tuition assistance, adoption assistance, paid parental leave, disability insurance, life insurance, and paid time-off for vacation or illness.<br><br>General Electric Company, Ropcor, Inc., their successors, and in some cases their affiliates, each sponsor certain employee benefit plans or programs (i.e., is a ""Sponsor""). Each Sponsor reserves the right to terminate, amend, suspend, replace, or modify its benefit plans and programs at any time and for any reason, in its sole discretion. No individual has a vested right to any benefit under a Sponsor's welfare benefit plan or program. This document does not create a contract of employment with any individual.<br><br><b><b><b><b>Additional Information</b></b></b></b><br><br>GE Vernova offers a great work environment, professional development, challenging careers, and competitive compensation. GE Vernova is an <a href=""https://www.eeoc.gov/sites/default/files/2022-10/22-088_EEOC_KnowYourRights_10_20.pdf"" rel=""noopener noreferrer"">Equal Opportunity Employer</a><a href=""http://www.ge.com/sites/default/files/15-000845%20EEO%20combined.pdf"" rel=""noopener noreferrer"">.</a> Employment decisions are made without regard to race, color, religion, national or ethnic origin, sex, sexual orientation, gender identity or expression, age, disability, protected veteran status or other characteristics protected by law.<br><br>GE Vernova will only employ those who are legally authorized to work in the United States for this opening. Any offer of employment is conditioned upon the successful completion of a drug screen (as applicable).<br><br><b>Relocation Assistance Provided: </b>No<br><br>#LI-Remote  -  This is a remote position<br><br>Application Deadline: July 27, 2026<br><br>For candidates applying to a U.S. based position only:<br><br>*The Company pays a geographic differential of 110%, 120% or 130% of salary in certain areas.<br><br>This posting is expected to remain open for at least seven days after it was posted on April 16, 2026.<br><br>Healthcare benefits include medical, dental, vision, and prescription drug coverage; access to Health Coach from GE Vernova, a 24/7 nurse-based resource; and access to the Employee Assistance Program, providing 24/7 confidential assessment, counseling and referral services. Retirement benefits include the GE Vernova Retirement Savings Plan, a tax-advantaged 401(k) savings opportunity with company matching contributions and company retirement contributions, as well as access to Fidelity resources and financial planning consultants. Other benefits include tuition assistance, adoption assistance, paid parental leave, disability benefits, life insurance and 12 paid holidays. New hires also receive 40 hours of personal business time, 160 hours of personal illness and caregiving time (subject to state law), and two weeks of annual vacation (which may be pro-rated based on start date).<br><br>GE Vernova Inc. or its affiliates (collectively or individually, ""GE Vernova"") sponsor certain employee benefit plans or programs GE Vernova reserves the right to terminate, amend, suspend, replace, or modify its benefit plans and programs at any time and for any reason, in its sole discretion. No individual has a vested right to any benefit under a GE Vernova welfare benefit plan or program. This document does not create a contract of employment with any individual.</p>",Entry Level Technical Field Advisor,external,2026-04-17T18:30:59Z,entry-level-technical-field-advisor-f7bfb1,jobs,21589005,"[{'name': 'Boston, MA'}, {'name': 'Flexible / Remote'}]",[{'name': 'Unknown'}],"[{'name': 'Entry Level', 'short_name': 'entry'}]",[],{'landing_page': 'https://www.themuse.com/jobs/gevernova/entry-level-technical-field-advisor-f7bfb1'},"{'id': 15000121, 'short_name': 'gevernova', 'name': 'GE Vernova'}",Entry Level,15000121
"<p>About Us<br>
The Muse is the go-to destination for the next-generation workforce to research companies and careers. Every year, tens of millions of professionals turn to our platform to find trusted guidance on career growth, skills development, and job opportunities.<br>
We believe that great ideas can come from anywhere. That’s why we foster a collaborative, inclusive environment where diverse perspectives and experiences drive innovation. Our team is passionate about helping people win at work — and it’s this shared mission, along with our dynamic mix of voices and ideas, that makes The Muse such an exciting place to grow your career.</p>
<p>Position Overview<br>
Are you curious about data, love solving problems, and enjoy building systems that make insights possible? We’re looking for a motivated and detail-oriented Data Engineer Intern to join our remote team!<br>
In this role, you’ll help design, build, and maintain data systems and pipelines that support data-driven decision-making. Working closely with analysts, data scientists, and software engineers, you’ll ensure data is collected, stored, and processed efficiently across different environments—all under the mentorship of a Senior Data Engineer.<br>
This is an excellent opportunity for someone early in their career to gain hands-on experience with modern data technologies, work across industries, and build a strong foundation in data engineering.</p>
<p>What you will do:<br>
•   Assist in designing, building, and maintaining data pipelines and systems<br>
•   Collaborate with analysts, data scientists, and engineers to support data needs<br>
•   Ensure data quality, integrity, and efficient storage and processing<br>
•   Learn and apply best practices in data engineering and architecture<br>
•   Support reporting, documentation, and optimization of data workflows</p>
<p>What we are looking for:<br>
•   Degree (or pursuing) in Data Engineering, Computer Science, Informatics or related field.<br>
•   Strong analytical and problem-solving skills<br>
•   Basic knowledge of programming (Python, SQL, or similar) and data tools<br>
•   Curious, proactive, and eager to learn from experienced mentors<br>
•   Comfortable working independently in a remote, collaborative environment<br>
•   Attention to detail and a focus on accuracy in data handling</p>
<p>Why you will love it here:<br>
•   100% remote and flexible work setup<br>
•   Hands-on experience with modern data technologies and pipelines<br>
•   Exposure to projects across multiple industries<br>
•   Mentorship and growth opportunities in a supportive team culture</p>
<p>If you’re ready to start your career in data engineering, work on real-world projects, and learn from experienced professionals — we’d love to have you on board!<br>
Application Process</p>
<p>Interested candidates should apply directly through the platform. Qualified applicants may be considered for multiple client opportunities based on their skills, experience, and interests.</p>",Data Engineer – Remote Internship,external,2026-03-10T13:05:24Z,data-engineer-remote-internship,jobs,21390442,[{'name': 'Flexible / Remote'}],[],"[{'name': 'Entry Level', 'short_name': 'entry'}, {'name': 'Internship', 'short_name': 'internship'}]",[],{'landing_page': 'https://www.themuse.com/jobs/themuse/data-engineer-remote-internship'},"{'id': 1327, 'short_name': 'themuse', 'name': 'The Muse'}",Entry Level,1327
"<p><b>Overview</b><br><br>As we continue to build our team in support of our vision to the be the world's best and most trusted mobility company, Enterprise Fleet Management, a business line of Enterprise Mobility is excited to announce the opening of a National Service Coordinator!<br><br>The National Service Coordinator will primarily be responsible for providing a broad range of support and assistance to both internal and external Fleet Management customers. The National Service Coordinator will be fielding inbound calls and assisting customers with roadside assistance and setting up rentals, as well as relay approval confirmation to repair facilities.  In addition, this person will also conduct follow-ups with repair facilities, tow companies and our Fleet drivers.<br><br>This is a full-time work from home position that will allow you to work 100% from your home residence in the Metro Kansas City area or surrounding MO/KS counties. Our department operates between the hours of Monday through Friday 5 a.m. - 9 p.m. CST and Saturday 7 a.m. - 4 p.m. CST. The schedules offered are based on current business needs.<br><br>This position offers a starting pay range of $18.46-$19.71 per hour depending upon relevant experience and skill level. The pay range for this position is $X.XX to $X.XX per hour.  Pay within the range will be determined based on numerous factors including, but not limited to, relevant education, qualifications, experience, skills, performance, time in position, and business or organizational needs.<br><br>Enterprise Fleet Management also offers a benefits package including paid vacation and choice time days; medical, dental, and vision insurance benefits; dependent spending account, health savings account, life and disability insurance; fertility benefits, Employee Assistance Programs; profit sharing, 401(k) employer match, discounts and more!<br><br>Company Overview <br><br>Enterprise Fleet Management is a privately held, full-service fleet management business for companies, government agencies and organizations with medium-sized fleets. With more than 50 fully staffed offices nationwide, our team of experts can assemble a customized or full-service fleet management program that is just right for each business. With a North American fleet of 725,000 vehicles and growing at over 7 percent, the opportunity with Enterprise Fleet Management is tremendous. Our business continues to thrive, and we remain committed to the investment in and the development of our people.  We do the right thing by our customers and employees every time and in every situation. Not only is that great for business (as seen in our global growth and success) it's also great for employees.<br><br><b>Responsibilities</b><br><br><strong>Responsibilities include:</strong><br><br><ul><li>Coordinate roadside assistance through vendor partners by taking phone calls, dispatching service through vendor portals, and monitoring live jobs.</li><li>Set up replacement rentals when clients are in need of alternative transportation.</li><li>Research delays for roadside service,  communicate with vendor partners to obtain status of live jobs, and evaluate available options to make decision on how to best assist driver.</li><li>Consult customer decision makers regarding the vehicle repair service process.</li><li>Assisting with relaying repair approvals to repair facilities on behalf of the client</li><li>Providing timely follow up to ensure prompt service for clients</li><li>Maintaining regular communication efforts with third party vendors as well as Fleet drivers</li><li>Identifying and escalating customer service opportunities related to roadside assistance</li><li>Assist drivers with general vehicle service questions or concerns.</li></ul><br>Equal Opportunity Employer/Disability/Veterans    #LI-REMOTE<br><br><b>Qualifications</b><br><br>Minimum Qualifications:<br><br><ul><li>Must be 18 years of age or older</li><li>Must live in the Metro Kansas City area or surrounding MO/KS counties</li><li>Must live in the state of Missouri or Kansas</li><li>Two (2) years experience with customer and/or vendor support</li><li>Two (2) years of administrative support experience</li><li>Proven success in problem / conflict resolution or negotiation</li><li>Intermediate proficiency with Microsoft Office applications (Word, Excel, and Outlook) </li><li>Must be willing to accept $18.46-$19.71 per hour</li><li>Must have the ability to meet all work from home technical requirements</li><li>Must be authorized to work in the United States and not require work authorization sponsorship by our company for this position now or in the future. </li></ul><br>Competency Based Qualifications:<br><br><ul><li>Executing</li><li>Customer Service</li><li>Detail Oriented</li><li>Analyzing</li><li>Communication</li><li>Flexibility</li></ul><br>Work From Home (WFH) Requirements:<br><br><ul><li>Must have reliable and consistent high-speed internet access provided by a terrestrial cable or fiber provider (no DSL or satellite)</li><li>High-speed Internet connection with a minimum validated upload speed of 5Mb and download speed of 25Mb is required.  Connection latency must be less than 100ms.  (Please validate using a speed test tool such as http://www.speedtest.net/) </li></ul></p>",National Service Coordinator - Remote,external,2025-07-29T00:36:39Z,national-service-coordinator-remote-38a48a,jobs,19628380,"[{'name': 'Flexible / Remote'}, {'name': 'Kansas City, MO'}]",[],"[{'name': 'Entry Level', 'short_name': 'entry'}]","[{'name': 'Fortune 1000', 'short_name': 'fortune-1000-companies'}]",{'landing_page': 'https://www.themuse.com/jobs/enterprisemobility/national-service-coordinator-remote-38a48a'},"{'id': 1211, 'short_name': 'enterprisemobility', 'name': 'Enterprise Mobility'}",Entry Level,1211
"<p><b>Description</b> <br> <br>The Junior DevOps Engineer supports the development, deployment, and maintenance of cloud-based and on-premise systems. Working as part of a collaborative team, this role focuses on implementing automation, maintaining CI/CD pipelines, and assisting with system reliability and performance. The ideal candidate is developing proficiency in DevOps practices and tools while contributing to day-to-day operational success.<br><br><b>Responsibilities</b><br><br><ul><li>Support the implementation and maintenance of CI/CD pipelines for application deployments </li><li>Assist in automating infrastructure provisioning using tools such as Terraform or CloudFormation </li><li>Monitor system performance, security, and availability, responding to alerts and resolving issues </li><li>Collaborate with development teams to troubleshoot build and deployment issues </li><li>Maintain configuration management and version control best practices </li><li>Document processes, procedures, and system configurations </li><li>Participate in code reviews and contribute to continuous improvement efforts </li><li>Ensure adherence to security and compliance requirements in deployment processes </li></ul><br><b>Qualifications</b><br><br><ul><li>Bachelor's degree with 2-4 years of relevant experience, or Master's with &lt; 2 years. Additional years of experience may be substituted in lieu of degree.</li><li>Basic experience with cloud platforms (AWS, Azure, or GCP) </li><li>Familiarity with CI/CD tools (e.g., Jenkins, GitLab CI, GitHub Actions) </li><li>Experience with scripting languages such as Bash or Python </li><li>Understanding of Linux/Unix systems administration fundamentals </li><li>Familiarity with containerization technologies (Docker) </li><li>Basic knowledge of networking concepts (DNS, TCP/IP, load balancing) </li><li>Strong problem-solving skills and willingness to learn </li><li>Must have US Citizenship</li><li>Must be able to obtain and maintain a customer specific public trust clearance</li></ul><br><b>Preferred Qualifications</b><br><br><ul><li>Exposure to Infrastructure as Code (Terraform, CloudFormation) </li><li>Familiarity with Kubernetes or container orchestration platforms </li><li>Experience with monitoring tools (e.g., Prometheus, Grafana, CloudWatch) </li><li>Knowledge of Agile or DevOps methodologies </li></ul><br>If you're looking for comfort, keep scrolling. At Leidos, we outthink, outbuild, and outpace the status quo - because the mission demands it. We're not hiring followers. We're recruiting the ones who disrupt, provoke, and refuse to fail. Step 10 is ancient history. We're already at step 30 - and moving faster than anyone else dares.<br><br><b><b>Original Posting:</b></b><br><br>April 29, 2026<br><br>For U.S. Positions: While subject to change based on business needs, Leidos reasonably anticipates that this job requisition will remain open for at least 3 days with an anticipated close date of no earlier than 3 days after the original posting date as listed above.<br><br><b><b>Pay Range:</b></b><br><br>Pay Range $69,550.00 - $125,725.00<br><br>The Leidos pay range for this job level is a general guideline only and not a guarantee of compensation or salary. Additional factors considered in extending an offer include (but are not limited to) responsibilities of the job, education, experience, knowledge, skills, and abilities, as well as internal equity, alignment with market data, applicable bargaining agreement (if any), or other law.<br><br><b>About Leidos</b><br><br>Leidos is an industry and technology leader serving government and commercial customers with smarter, more efficient digital and mission innovations. Headquartered in Reston, Virginia, with 47,000 global employees, Leidos reported annual revenues of approximately $16.7 billion for the fiscal year ended January 3, 2025. For more information, visit www.Leidos.com.<br><br><b>Pay and Benefits</b><br><br>Pay and benefits are fundamental to any career decision. That's why we craft compensation packages that reflect the importance of the work we do for our customers. Employment benefits include competitive compensation, Health and Wellness programs, Income Protection, Paid Leave and Retirement. More details are available at www.leidos.com/careers/pay-benefits.<br><br><b>Securing Your Data</b><br><br>Beware of fake employment opportunities using Leidos' name. Leidos will never ask you to provide payment-related information during any part of the employment application process (i.e., ask you for money), nor will Leidos ever advance money as part of the hiring process (i.e., send you a check or money order before doing any work). Further, Leidos will only communicate with you through emails that are generated by the Leidos.com automated system - never from free commercial services (e.g., Gmail, Yahoo, Hotmail) or via WhatsApp, Telegram, etc. If you received an email purporting to be from Leidos that asks for payment-related information or any other personal information (e.g., about you or your previous employer), and you are concerned about its legitimacy, please make us aware immediately by emailing us at LeidosCareersFraud@leidos.com.<br><br>If you believe you are the victim of a scam, contact your local law enforcement and report the incident to the U.S. Federal Trade Commission.<br><br><b>Commitment to Non-Discrimination</b><br><br>All qualified applicants will receive consideration for employment without regard to sex, race, ethnicity, age, national origin, citizenship, religion, physical or mental disability, medical condition, genetic information, pregnancy, family structure, marital status, ancestry, domestic partner status, sexual orientation, gender identity or expression, veteran or military status, or any other basis prohibited by law. Leidos will also consider for employment qualified applicants with criminal histories consistent with relevant laws.<br><br>#Remote</p>",Junior DevOps Engineer,external,2026-04-30T18:58:44Z,junior-devops-engineer-e7fbd4,jobs,21645648,[{'name': 'Flexible / Remote'}],[{'name': 'Software Engineering'}],"[{'name': 'Entry Level', 'short_name': 'entry'}]",[],{'landing_page': 'https://www.themuse.com/jobs/leidos/junior-devops-engineer-e7fbd4'},"{'id': 15000275, 'short_name': 'leidos', 'name': 'Leidos'}",Entry Level,15000275
"<p>Junior Account Manager – Remote</p>
<p>About Us<br>
The Muse is the go-to destination for the next-generation workforce to research<br>
companies and careers. Every year, tens of millions of professionals turn to our<br>
platform — The Muse — to find trusted guidance on career growth, skills<br>
development, and job opportunities.<br>
We believe that great ideas can come from anywhere. That’s why we foster a<br>
collaborative, inclusive environment where diverse perspectives and experiences<br>
drive innovation. Our team is passionate about helping people win at work — and<br>
it’s this shared mission, along with our dynamic mix of voices and ideas, that<br>
makes The Muse such an exciting place to grow your career.</p>
<p>Position Overview<br>
Are you a people person with an eye for detail and a passion for getting things<br>
done? We’re looking for a motivated, organized, and curious Junior Account<br>
Manager to join our fully remote team!<br>
In this role, you’ll work closely with our Senior Account Managers to build strong<br>
client relationships, keep projects running smoothly, and make sure deliverables<br>
hit the mark. You’ll be the link between our clients and internal teams—helping<br>
ideas turn into results and learning the ins and outs of client management along<br>
the way.<br>
This is the perfect opportunity if you’re early in your career and eager to grow.<br>
You’ll gain hands-on experience across industries, sharpen your communication<br>
and project coordination skills, and set yourself up for a future as a full-fledged<br>
Account Manager.</p>
<p>What you’ll do:<br>
 Support Senior Account Managers in day-to-day client communications and<br>
project coordination<br>
 Help track deliverables, timelines, and feedback to keep projects on<br>
schedule<br>
 Collaborate with internal teams to ensure client expectations are met (and<br>
exceeded!)<br>
 Assist with reporting, documentation, and follow-ups<br>
 Learn best practices in account management, client strategy, and teamwork<br>
What we’re looking for:<br>
 Bachelor’s degree (or currently pursuing one) in Business Administration,<br>
Communications, Marketing, or a related field.<br>
 Great communication and organizational skills<br>
 A proactive attitude and willingness to learn<br>
 Comfort working in a fast-paced, remote environment<br>
 Curiosity about marketing, outsourcing, or client management<br>
 A team player mindset—you enjoy helping others succeed</p>
<p>Why you’ll love it here:<br>
 100% remote, flexible work environment<br>
 Real growth opportunities and mentorship from experienced managers<br>
 Exposure to exciting projects and clients across different industries<br>
 Supportive, collaborative team culture</p>
<p>Application Process<br>
Interested candidates should apply directly through the platform. Qualified<br>
applicants may be considered for multiple client opportunities based on their</p>",Junior Account Manager,external,2025-12-04T17:30:28Z,junior-account-manager,jobs,20728847,[{'name': 'Flexible / Remote'}],[],"[{'name': 'Entry Level', 'short_name': 'entry'}]",[],{'landing_page': 'https://www.themuse.com/jobs/themuse/junior-account-manager'},"{'id': 1327, 'short_name': 'themuse', 'name': 'The Muse'}",Entry Level,1327
"<p>About Us<br>
The Muse is the go-to destination for the next-generation workforce to research companies and careers. Every year, tens of millions of professionals turn to our platform to find trusted guidance on career growth, skills development, and job opportunities.<br>
We believe that great ideas can come from anywhere. That’s why we foster a collaborative, inclusive environment where diverse perspectives and experiences drive innovation. Our team is passionate about helping people win at work — and it’s this shared mission, along with our dynamic mix of voices and ideas, that makes The Muse such an exciting place to grow your career.</p>
<p>Position Overview<br>
Are you passionate about building the engines that power modern web and mobile applications? We’re looking for a bright, motivated Back-End Developer Intern to join our remote team!<br>
In this role, you’ll help design, build, and maintain server-side logic, APIs, and databases, while learning from and being mentored by one of our experienced senior developers. You’ll collaborate closely with front-end developers and cross-functional teams to create scalable, high-performance, and reliable applications.<br>
This is an excellent opportunity to gain hands-on experience across diverse projects, work with modern technologies, and grow your skills in a supportive, remote environment.</p>
<p>What you will do:<br>
•   Develop and maintain server-side logic, APIs, and databases<br>
•   Collaborate with front-end developers and other teams to ensure seamless integration<br>
•   Optimize applications for speed, scalability, and reliability<br>
•   Participate in code reviews, testing, and troubleshooting<br>
•   Learn best practices in software development and back-end engineering</p>
<p>What we are looking for:<br>
•   Degree (or pursuing) in Computer Science or related field.<br>
•   Solid understanding of back-end programming languages (e.g., Python, Node.js, Java, or similar)<br>
•   Familiarity with databases (SQL or NoSQL) and API development<br>
•   Problem-solving mindset and attention to detail<br>
•   Eagerness to learn from senior developers and grow in a collaborative environment<br>
•   Comfortable working independently in a fully remote team</p>
<p>Why you will love it here:<br>
•   100% remote with flexible working arrangements<br>
•   Mentorship from experienced senior developers<br>
•   Hands-on exposure to diverse projects and industries<br>
•   Supportive, collaborative team culture focused on learning and growth</p>
<p>If you’re ready to jumpstart your back-end development career, work on real-world projects, and grow alongside a talented team — we’d love to have you on board!</p>
<p>Application Process<br>
Interested candidates should apply directly through the platform. Qualified applicants may be considered for multiple client opportunities based on their skills, experience, and interests.</p>",Back-end Developer - Remote Internship,external,2025-12-05T14:42:34Z,backend-developer-remote-internship,jobs,20839023,[{'name': 'Flexible / Remote'}],[{'name': 'Software Engineering'}],"[{'name': 'Entry Level', 'short_name': 'entry'}, {'name': 'Internship', 'short_name': 'internship'}]",[],{'landing_page': 'https://www.themuse.com/jobs/themuse/backend-developer-remote-internship'},"{'id': 1327, 'short_name': 'themuse', 'name': 'The Muse'}",Entry Level,1327
